<?xml version="1.0" encoding="UTF-8"?>
<archivalDescription xmlns="ISADG" xmlns:xsi="http://www.w3.org/2001/XMLSchema-instance" xsi:schemaLocation="ISADG xsd/xIsadg_v2.1.xsd">
	<identity isadId="1">
		<referenceCode isadId="1.1" origin="archival" obligation="inherited">TTT 246.1</referenceCode>
		<title isadId="1.2" origin="archival" obligation="mandatory">STALU: GeschÃ¤ft mit Unterordner und Check-In Kommentaren, 2019.04.15</title>
		<dates isadId="1.3" origin="//ablieferung/entstehungszeitraum">
			<fromDate>2015-05-26</fromDate>
			<toDate>2019-04-15</toDate>
		</dates>
		<descriptionLevel isadId="1.4" origin="ingest" obligation="mandatory">fonds</descriptionLevel>
	</identity>
	<context isadId="2">
		<creator isadId="2.1" origin="//provenienz/aktenbildnerName">LiMa</creator>
		<archivalHistory isadId="2.3" origin="//provenienz/systemName">CMIAXIOMA, V18.0.14.6639</archivalHistory>
		<archivalHistory isadId="2.3" origin="//provenienz/registratur">Registraturplan</archivalHistory>
		<acqInfo isadId="2.4" origin="//paket/@xmlns">http://bar.admin.ch/arelda/v4</acqInfo>
		<acqInfo isadId="2.4" origin="//paket/paketTyp">SIP</acqInfo>
		<acqInfo isadId="2.4" origin="//paket/@schemaVersion">4.0</acqInfo>
		<acqInfo isadId="2.4" origin="//ablieferung/ablieferndeStelle">Dienststelle Handelsregister und Staatsarchiv - QS</acqInfo>
		<acqInfo isadId="2.4" origin="//ablieferung/ablieferungstyp">GEVER</acqInfo>
		<acqInfo isadId="2.4" origin="//ablieferung/ablieferungsnummer">31</acqInfo>
	</context>
	<contentStructure isadId="3">
		<arrangement isadId="3.4" origin="//ordnungssystem/name">Registraturplan</arrangement>
		<arrangement isadId="3.4" origin="//ordnungssystem/anwendungszeitraum">
			<fromDate>2000-01-01</fromDate>
			<toDate>2099-12-31</toDate>
		</arrangement>
	</contentStructure>
	<archivalDescription>
		<identity isadId="1">
			<referenceCode isadId="1.1" origin="archival" obligation="inherited">TTT 246.1.1</referenceCode>
			<title isadId="1.2" origin="//ordnungssystemposition/titel" obligation="mandatory">Allgemeines, Übergreifende und von aussen gesteuerte Aufgaben</title>
			<descriptionLevel isadId="1.4" origin="ingest" obligation="mandatory">series</descriptionLevel>
		</identity>
		<context isadId="2">
			<creator isadId="2.1" origin="//ordnungssystemposition/federfuehrendeOrganisationseinheit">DHS</creator>
		</context>
		<conditionsAccessUse isadId="4">
			<accessConditions isadId="4.1">
				<hasPrivacyProtection origin="//ordnungssystemposition/datenschutz">false</hasPrivacyProtection>
				<openToThePublic origin="//ordnungssystemposition/oeffentlichkeitsstatus">undefined</openToThePublic>
				<classification origin="//ordnungssystemposition/klassifizierungskategorie">unclassified</classification>
			</accessConditions>
		</conditionsAccessUse>
		<additionalReference>
			<recordReference origin="//ordnungssystemposition/nummer">0</recordReference>
		</additionalReference>
		<additionalData>
			<mdWrap>
				<property origin="//ordnungssystemposition/zusatzDaten/merkmal" key="AufbewahrungsfristInTagen">3600</property>
				<property origin="//ordnungssystemposition/zusatzDaten/merkmal" key="Begriff">Allgemeines, Übergreifende und von aussen gesteuerte Aufgaben</property>
			</mdWrap>
		</additionalData>
		<archivalDescription>
			<identity isadId="1">
				<referenceCode isadId="1.1" origin="archival" obligation="inherited">TTT 246.1.1.1</referenceCode>
				<title isadId="1.2" origin="//ordnungssystemposition/titel" obligation="mandatory">Allgemeines</title>
				<descriptionLevel isadId="1.4" origin="ingest" obligation="mandatory">series</descriptionLevel>
			</identity>
			<context isadId="2">
				<creator isadId="2.1" origin="//ordnungssystemposition/federfuehrendeOrganisationseinheit">DHS</creator>
			</context>
			<conditionsAccessUse isadId="4">
				<accessConditions isadId="4.1">
					<hasPrivacyProtection origin="//ordnungssystemposition/datenschutz">false</hasPrivacyProtection>
					<openToThePublic origin="//ordnungssystemposition/oeffentlichkeitsstatus">undefined</openToThePublic>
					<classification origin="//ordnungssystemposition/klassifizierungskategorie">unclassified</classification>
				</accessConditions>
			</conditionsAccessUse>
			<additionalReference>
				<recordReference origin="//ordnungssystemposition/nummer">0.0</recordReference>
			</additionalReference>
			<additionalData>
				<mdWrap>
					<property origin="//ordnungssystemposition/zusatzDaten/merkmal" key="AufbewahrungsfristInTagen">3600</property>
					<property origin="//ordnungssystemposition/zusatzDaten/merkmal" key="Begriff">Allgemeines</property>
				</mdWrap>
			</additionalData>
			<archivalDescription>
				<identity isadId="1">
					<referenceCode isadId="1.1" origin="archival" obligation="inherited">TTT 246.1.1.1.1</referenceCode>
					<title isadId="1.2" origin="//ordnungssystemposition/titel" obligation="mandatory">Testing Lifecycle</title>
					<descriptionLevel isadId="1.4" origin="ingest" obligation="mandatory">series</descriptionLevel>
				</identity>
				<context isadId="2">
					<creator isadId="2.1" origin="//ordnungssystemposition/federfuehrendeOrganisationseinheit">DHS</creator>
				</context>
				<conditionsAccessUse isadId="4">
					<accessConditions isadId="4.1">
						<hasPrivacyProtection origin="//ordnungssystemposition/datenschutz">false</hasPrivacyProtection>
						<openToThePublic origin="//ordnungssystemposition/oeffentlichkeitsstatus">undefined</openToThePublic>
						<classification origin="//ordnungssystemposition/klassifizierungskategorie">unclassified</classification>
					</accessConditions>
				</conditionsAccessUse>
				<additionalReference>
					<recordReference origin="//ordnungssystemposition/nummer">0.0.8</recordReference>
				</additionalReference>
				<additionalData>
					<mdWrap>
						<property origin="//ordnungssystemposition/zusatzDaten/merkmal" key="AufbewahrungsfristInTagen">0</property>
						<property origin="//ordnungssystemposition/zusatzDaten/merkmal" key="Begriff">Testing Lifecycle</property>
					</mdWrap>
				</additionalData>
				<archivalDescription>
					<identity isadId="1">
						<referenceCode isadId="1.1" origin="archival" obligation="inherited">TTT 246.1.1.1.1.1</referenceCode>
						<title isadId="1.2" origin="//dossier/titel" obligation="mandatory">STALU: Geschäft mit Unterordner und Check-In Kommentaren, 2019.04.15</title>
						<dates isadId="1.3" origin="//dossier/entstehungszeitraum">
							<fromDate>2015-05-26</fromDate>
							<toDate>2019-04-15</toDate>
						</dates>
						<dates isadId="1.3" origin="//dossier/eroeffnungsdatum">
							<pointofTime>2019-04-15</pointofTime>
						</dates>
						<dates isadId="1.3" origin="//dossier/abschlussdatum">
							<pointofTime>2019-04-15</pointofTime>
						</dates>
						<descriptionLevel isadId="1.4" origin="ingest" obligation="mandatory">file</descriptionLevel>
					</identity>
					<conditionsAccessUse isadId="4">
						<accessConditions isadId="4.1">
							<hasPrivacyProtection origin="//dossier/datenschutz">false</hasPrivacyProtection>
							<openToThePublic origin="//dossier/oeffentlichkeitsstatus">undefined</openToThePublic>
							<classification origin="//dossier/klassifizierungskategorie">unclassified</classification>
						</accessConditions>
					</conditionsAccessUse>
					<additionalReference>
						<recordReference origin="//dossier/aktenzeichen">2019-9</recordReference>
					</additionalReference>
					<additionalData>
						<mdWrap>
							<property origin="//ordnungssystemposition/federfuehrendeOrganisationseinheit" key="federfuehrendeOrganisationseinheit">STALU Mitarbeitende; S-M</property>
							<property origin="//dossier/zusatzDaten/merkmal" key="AufbewahrungsfristInTagen">0</property>
							<property origin="//dossier/zusatzDaten/merkmal" key="Ende">15.04.2019</property>
							<property origin="//dossier/zusatzDaten/merkmal" key="Beginn">15.04.2019</property>
						</mdWrap>
					</additionalData>
					<archivalDescription>
						<identity isadId="1">
							<referenceCode isadId="1.1" origin="archival" obligation="inherited">TTT 246.1.1.1.1.1_1</referenceCode>
							<title isadId="1.2" origin="//dokument/titel" obligation="mandatory">1 HofbrückeText Versionen</title>
							<dates isadId="1.3" origin="//dokument/entstehungszeitraum">
								<fromDate>2015-05-26</fromDate>
								<toDate>2019-04-15</toDate>
							</dates>
							<descriptionLevel isadId="1.4" origin="ingest" obligation="mandatory">item</descriptionLevel>
						</identity>
						<contentStructure isadId="3">
							<scopeContent isadId="3.1"/>
							<arrangement isadId="3.4" origin="//ordner/name + //datei/name">/00/00/15/1 HofbrueckeText.docx</arrangement>
							<arrangement isadId="3.4" origin="//ordner/originalName + //datei/originalName">/1 HofbrückeText.docx</arrangement>
						</contentStructure>
						<conditionsAccessUse isadId="4">
							<accessConditions isadId="4.1">
								<hasPrivacyProtection origin="//dokument/datenschutz">false</hasPrivacyProtection>
								<openToThePublic origin="//dokument/oeffentlichkeitsstatus">undefined</openToThePublic>
								<classification origin="//dokument/klassifizierungskategorie">unclassified</classification>
							</accessConditions>
							<physTech isadId="4.4" origin="ingest">digital</physTech>
							<physTech isadId="4.4" origin="//dokument/erscheinungsform">digital</physTech>
						</conditionsAccessUse>
						<additionalReference>
							<secondaryDataLocator xpointer="premis.xml#ID_227FB49F-B0E9-4C16-8BC6-F04857D3C14E"/>
							<secondaryDataLocator xpointer="premis.xml#ID_6DDFEB2A-7240-40DE-8576-48FEA9232F19"/>
							<secondaryDataLocator xpointer="premis.xml#ID_618C5150-0B34-49FB-A527-339D2D09FC29"/>
							<secondaryDataLocator xpointer="premis.xml#ID_E94401C6-B821-41E4-94CF-28F9E066A667"/>
							<secondaryDataLocator xpointer="premis.xml#ID_B1079C64-651D-4FC4-B212-5C4ABF76578F"/>
							<secondaryDataLocator xpointer="premis.xml#ID_E32CAEC6-3F53-43BC-9728-74B99952B730"/>
							<secondaryDataLocator xpointer="premis.xml#ID_00C4A75B-22BF-4384-94BB-D63B3EB66743"/>
							<secondaryDataLocator xpointer="premis.xml#ID_94896ACC-18E8-41B9-8745-6D026578B4EF"/>
						</additionalReference>
						<additionalData>
							<mdWrap>
								<property origin="//dokument/zusatzDaten/merkmal" key="Ordnerpfad">\Ordner B docx</property>
								<property origin="//dokument/zusatzDaten/merkmal" key="Dokumentdatum">26.05.2015</property>
							</mdWrap>
						</additionalData>
					</archivalDescription>
					<archivalDescription>
						<identity isadId="1">
							<referenceCode isadId="1.1" origin="archival" obligation="inherited">TTT 246.1.1.1.1.1_2</referenceCode>
							<title isadId="1.2" origin="//dokument/titel" obligation="mandatory">2 Bibliographie</title>
							<dates isadId="1.3" origin="//dokument/entstehungszeitraum">
								<fromDate>2015-05-26</fromDate>
								<toDate>2019-04-15</toDate>
							</dates>
							<descriptionLevel isadId="1.4" origin="ingest" obligation="mandatory">item</descriptionLevel>
						</identity>
						<contentStructure isadId="3">
							<scopeContent isadId="3.1"/>
							<arrangement isadId="3.4" origin="//ordner/name + //datei/name">/00/00/23/2 Bibliographie.docx</arrangement>
							<arrangement isadId="3.4" origin="//ordner/originalName + //datei/originalName">/2 Bibliographie.docx</arrangement>
						</contentStructure>
						<conditionsAccessUse isadId="4">
							<accessConditions isadId="4.1">
								<hasPrivacyProtection origin="//dokument/datenschutz">false</hasPrivacyProtection>
								<openToThePublic origin="//dokument/oeffentlichkeitsstatus">undefined</openToThePublic>
								<classification origin="//dokument/klassifizierungskategorie">unclassified</classification>
							</accessConditions>
							<physTech isadId="4.4" origin="ingest">digital</physTech>
							<physTech isadId="4.4" origin="//dokument/erscheinungsform">digital</physTech>
						</conditionsAccessUse>
						<additionalReference>
							<secondaryDataLocator xpointer="premis.xml#ID_C7A0B99F-C0BF-4DB9-B163-B64DF8BFCF89"/>
							<secondaryDataLocator xpointer="premis.xml#ID_E5225E20-F2BB-476D-BC73-A45FE2F9F10E"/>
						</additionalReference>
						<additionalData>
							<mdWrap>
								<property origin="//dokument/zusatzDaten/merkmal" key="Ordnerpfad">\Ordner B docx</property>
								<property origin="//dokument/zusatzDaten/merkmal" key="Dokumentdatum">26.05.2015</property>
							</mdWrap>
						</additionalData>
					</archivalDescription>
					<archivalDescription>
						<identity isadId="1">
							<referenceCode isadId="1.1" origin="archival" obligation="inherited">TTT 246.1.1.1.1.1_3</referenceCode>
							<title isadId="1.2" origin="//dokument/titel" obligation="mandatory">EgloffHofbrücke</title>
							<dates isadId="1.3" origin="//dokument/entstehungszeitraum">
								<fromDate>2015-05-26</fromDate>
								<toDate>2019-04-15</toDate>
							</dates>
							<descriptionLevel isadId="1.4" origin="ingest" obligation="mandatory">item</descriptionLevel>
						</identity>
						<contentStructure isadId="3">
							<scopeContent isadId="3.1"/>
							<arrangement isadId="3.4" origin="//ordner/name + //datei/name">/00/00/25/EgloffHofbruecke.docx</arrangement>
							<arrangement isadId="3.4" origin="//ordner/originalName + //datei/originalName">/EgloffHofbrücke.docx</arrangement>
						</contentStructure>
						<conditionsAccessUse isadId="4">
							<accessConditions isadId="4.1">
								<hasPrivacyProtection origin="//dokument/datenschutz">false</hasPrivacyProtection>
								<openToThePublic origin="//dokument/oeffentlichkeitsstatus">undefined</openToThePublic>
								<classification origin="//dokument/klassifizierungskategorie">unclassified</classification>
							</accessConditions>
							<physTech isadId="4.4" origin="ingest">digital</physTech>
							<physTech isadId="4.4" origin="//dokument/erscheinungsform">digital</physTech>
						</conditionsAccessUse>
						<additionalReference>
							<secondaryDataLocator xpointer="premis.xml#ID_346F91EA-9291-4F90-845B-9870C4FCCB4B"/>
							<secondaryDataLocator xpointer="premis.xml#ID_D5CA6508-7755-4E6E-AA7E-59E700DE3BAF"/>
						</additionalReference>
						<additionalData>
							<mdWrap>
								<property origin="//dokument/zusatzDaten/merkmal" key="Ordnerpfad">\Ordner B docx</property>
								<property origin="//dokument/zusatzDaten/merkmal" key="Dokumentdatum">26.05.2015</property>
							</mdWrap>
						</additionalData>
					</archivalDescription>
					<archivalDescription>
						<identity isadId="1">
							<referenceCode isadId="1.1" origin="archival" obligation="inherited">TTT 246.1.1.1.1.1_4</referenceCode>
							<title isadId="1.2" origin="//dokument/titel" obligation="mandatory">EgloffHofbrückeAbb</title>
							<dates isadId="1.3" origin="//dokument/entstehungszeitraum">
								<fromDate>2015-05-26</fromDate>
								<toDate>2019-04-15</toDate>
							</dates>
							<descriptionLevel isadId="1.4" origin="ingest" obligation="mandatory">item</descriptionLevel>
						</identity>
						<contentStructure isadId="3">
							<scopeContent isadId="3.1"/>
							<arrangement isadId="3.4" origin="//ordner/name + //datei/name">/00/00/27/EgloffHofbrueckeAbb.docx</arrangement>
							<arrangement isadId="3.4" origin="//ordner/originalName + //datei/originalName">/EgloffHofbrückeAbb.docx</arrangement>
						</contentStructure>
						<conditionsAccessUse isadId="4">
							<accessConditions isadId="4.1">
								<hasPrivacyProtection origin="//dokument/datenschutz">false</hasPrivacyProtection>
								<openToThePublic origin="//dokument/oeffentlichkeitsstatus">undefined</openToThePublic>
								<classification origin="//dokument/klassifizierungskategorie">unclassified</classification>
							</accessConditions>
							<physTech isadId="4.4" origin="ingest">digital</physTech>
							<physTech isadId="4.4" origin="//dokument/erscheinungsform">digital</physTech>
						</conditionsAccessUse>
						<additionalReference>
							<secondaryDataLocator xpointer="premis.xml#ID_FE347046-60D1-4A3C-B061-EC6FF955E220"/>
							<secondaryDataLocator xpointer="premis.xml#ID_16E07929-11DA-4A2E-90CE-376D89D6256F"/>
						</additionalReference>
						<additionalData>
							<mdWrap>
								<property origin="//dokument/zusatzDaten/merkmal" key="Ordnerpfad">\Ordner B docx</property>
								<property origin="//dokument/zusatzDaten/merkmal" key="Dokumentdatum">26.05.2015</property>
							</mdWrap>
						</additionalData>
					</archivalDescription>
					<archivalDescription>
						<identity isadId="1">
							<referenceCode isadId="1.1" origin="archival" obligation="inherited">TTT 246.1.1.1.1.1_5</referenceCode>
							<title isadId="1.2" origin="//dokument/titel" obligation="mandatory">1 HofbrückeText</title>
							<dates isadId="1.3" origin="//dokument/entstehungszeitraum">
								<fromDate>2015-05-26</fromDate>
								<toDate>2019-04-15</toDate>
							</dates>
							<descriptionLevel isadId="1.4" origin="ingest" obligation="mandatory">item</descriptionLevel>
						</identity>
						<contentStructure isadId="3">
							<scopeContent isadId="3.1"/>
							<arrangement isadId="3.4" origin="//ordner/name + //datei/name">/00/00/29/1 HofbrueckeText.pdf</arrangement>
							<arrangement isadId="3.4" origin="//ordner/originalName + //datei/originalName">/1 HofbrückeText.pdf</arrangement>
						</contentStructure>
						<conditionsAccessUse isadId="4">
							<accessConditions isadId="4.1">
								<hasPrivacyProtection origin="//dokument/datenschutz">false</hasPrivacyProtection>
								<openToThePublic origin="//dokument/oeffentlichkeitsstatus">undefined</openToThePublic>
								<classification origin="//dokument/klassifizierungskategorie">unclassified</classification>
							</accessConditions>
							<physTech isadId="4.4" origin="ingest">digital</physTech>
							<physTech isadId="4.4" origin="//dokument/erscheinungsform">digital</physTech>
						</conditionsAccessUse>
						<additionalReference>
							<secondaryDataLocator xpointer="premis.xml#ID_D3BA812B-2739-4F65-BBD5-050AC022962E"/>
							<secondaryDataLocator xpointer="premis.xml#ID_AF98454C-E263-4DC7-AC13-3582D1C4EEEB"/>
						</additionalReference>
						<additionalData>
							<mdWrap>
								<property origin="//dokument/zusatzDaten/merkmal" key="Ordnerpfad">\Ordner A pdf</property>
								<property origin="//dokument/zusatzDaten/merkmal" key="Dokumentdatum">26.05.2015</property>
							</mdWrap>
						</additionalData>
					</archivalDescription>
					<archivalDescription>
						<identity isadId="1">
							<referenceCode isadId="1.1" origin="archival" obligation="inherited">TTT 246.1.1.1.1.1_6</referenceCode>
							<title isadId="1.2" origin="//dokument/titel" obligation="mandatory">2 Bibliographie</title>
							<dates isadId="1.3" origin="//dokument/entstehungszeitraum">
								<fromDate>2015-05-26</fromDate>
								<toDate>2019-04-15</toDate>
							</dates>
							<descriptionLevel isadId="1.4" origin="ingest" obligation="mandatory">item</descriptionLevel>
						</identity>
						<contentStructure isadId="3">
							<scopeContent isadId="3.1"/>
							<arrangement isadId="3.4" origin="//ordner/name + //datei/name">/00/00/31/2 Bibliographie.pdf</arrangement>
							<arrangement isadId="3.4" origin="//ordner/originalName + //datei/originalName">/2 Bibliographie.pdf</arrangement>
						</contentStructure>
						<conditionsAccessUse isadId="4">
							<accessConditions isadId="4.1">
								<hasPrivacyProtection origin="//dokument/datenschutz">false</hasPrivacyProtection>
								<openToThePublic origin="//dokument/oeffentlichkeitsstatus">undefined</openToThePublic>
								<classification origin="//dokument/klassifizierungskategorie">unclassified</classification>
							</accessConditions>
							<physTech isadId="4.4" origin="ingest">digital</physTech>
							<physTech isadId="4.4" origin="//dokument/erscheinungsform">digital</physTech>
						</conditionsAccessUse>
						<additionalReference>
							<secondaryDataLocator xpointer="premis.xml#ID_DE2BBFEC-B600-4668-869B-6DD782BE45B5"/>
							<secondaryDataLocator xpointer="premis.xml#ID_4BA86788-5EE8-45F6-9A84-35FBD7AAB04F"/>
						</additionalReference>
						<additionalData>
							<mdWrap>
								<property origin="//dokument/zusatzDaten/merkmal" key="Ordnerpfad">\Ordner A pdf</property>
								<property origin="//dokument/zusatzDaten/merkmal" key="Dokumentdatum">26.05.2015</property>
							</mdWrap>
						</additionalData>
					</archivalDescription>
					<archivalDescription>
						<identity isadId="1">
							<referenceCode isadId="1.1" origin="archival" obligation="inherited">TTT 246.1.1.1.1.1_7</referenceCode>
							<title isadId="1.2" origin="//dokument/titel" obligation="mandatory">EgloffHofbrücke</title>
							<dates isadId="1.3" origin="//dokument/entstehungszeitraum">
								<fromDate>2015-05-26</fromDate>
								<toDate>2019-04-15</toDate>
							</dates>
							<descriptionLevel isadId="1.4" origin="ingest" obligation="mandatory">item</descriptionLevel>
						</identity>
						<contentStructure isadId="3">
							<scopeContent isadId="3.1"/>
							<arrangement isadId="3.4" origin="//ordner/name + //datei/name">/00/00/33/EgloffHofbruecke.pdf</arrangement>
							<arrangement isadId="3.4" origin="//ordner/originalName + //datei/originalName">/EgloffHofbrücke.pdf</arrangement>
						</contentStructure>
						<conditionsAccessUse isadId="4">
							<accessConditions isadId="4.1">
								<hasPrivacyProtection origin="//dokument/datenschutz">false</hasPrivacyProtection>
								<openToThePublic origin="//dokument/oeffentlichkeitsstatus">undefined</openToThePublic>
								<classification origin="//dokument/klassifizierungskategorie">unclassified</classification>
							</accessConditions>
							<physTech isadId="4.4" origin="ingest">digital</physTech>
							<physTech isadId="4.4" origin="//dokument/erscheinungsform">digital</physTech>
						</conditionsAccessUse>
						<additionalReference>
							<secondaryDataLocator xpointer="premis.xml#ID_564D2F25-B698-4210-8244-641707D51BFD"/>
							<secondaryDataLocator xpointer="premis.xml#ID_BE868FBA-E33F-4C54-813E-524EECF97243"/>
						</additionalReference>
						<additionalData>
							<mdWrap>
								<property origin="//dokument/zusatzDaten/merkmal" key="Ordnerpfad">\Ordner A pdf</property>
								<property origin="//dokument/zusatzDaten/merkmal" key="Dokumentdatum">26.05.2015</property>
							</mdWrap>
						</additionalData>
					</archivalDescription>
					<archivalDescription>
						<identity isadId="1">
							<referenceCode isadId="1.1" origin="archival" obligation="inherited">TTT 246.1.1.1.1.1_8</referenceCode>
							<title isadId="1.2" origin="//dokument/titel" obligation="mandatory">EgloffHofbrückeAbb</title>
							<dates isadId="1.3" origin="//dokument/entstehungszeitraum">
								<fromDate>2015-05-26</fromDate>
								<toDate>2019-04-15</toDate>
							</dates>
							<descriptionLevel isadId="1.4" origin="ingest" obligation="mandatory">item</descriptionLevel>
						</identity>
						<contentStructure isadId="3">
							<scopeContent isadId="3.1"/>
							<arrangement isadId="3.4" origin="//ordner/name + //datei/name">/00/00/35/EgloffHofbrueckeAbb.pdf</arrangement>
							<arrangement isadId="3.4" origin="//ordner/originalName + //datei/originalName">/EgloffHofbrückeAbb.pdf</arrangement>
						</contentStructure>
						<conditionsAccessUse isadId="4">
							<accessConditions isadId="4.1">
								<hasPrivacyProtection origin="//dokument/datenschutz">false</hasPrivacyProtection>
								<openToThePublic origin="//dokument/oeffentlichkeitsstatus">undefined</openToThePublic>
								<classification origin="//dokument/klassifizierungskategorie">unclassified</classification>
							</accessConditions>
							<physTech isadId="4.4" origin="ingest">digital</physTech>
							<physTech isadId="4.4" origin="//dokument/erscheinungsform">digital</physTech>
						</conditionsAccessUse>
						<additionalReference>
							<secondaryDataLocator xpointer="premis.xml#ID_62B84D57-9E73-4F61-84B7-75A60F6E8D6F"/>
							<secondaryDataLocator xpointer="premis.xml#ID_69EC1FE6-78D6-45F7-83B6-8785F8323E82"/>
						</additionalReference>
						<additionalData>
							<mdWrap>
								<property origin="//dokument/zusatzDaten/merkmal" key="Ordnerpfad">\Ordner A pdf</property>
								<property origin="//dokument/zusatzDaten/merkmal" key="Dokumentdatum">26.05.2015</property>
							</mdWrap>
						</additionalData>
					</archivalDescription>
					<archivalDescription>
						<identity isadId="1">
							<referenceCode isadId="1.1" origin="archival" obligation="inherited">TTT 246.1.1.1.1.1_9</referenceCode>
							<title isadId="1.2" origin="//dokument/titel" obligation="mandatory">Passivierungsreport</title>
							<dates isadId="1.3" origin="//dokument/entstehungszeitraum">
								<fromDate>2019-04-15</fromDate>
								<toDate>2019-04-15</toDate>
							</dates>
							<descriptionLevel isadId="1.4" origin="ingest" obligation="mandatory">item</descriptionLevel>
						</identity>
						<contentStructure isadId="3">
							<scopeContent isadId="3.1"/>
							<arrangement isadId="3.4" origin="//ordner/name + //datei/name">/00/00/37/Export_e49eadcea3b24b71bb95c61c8d0fba89.pdf</arrangement>
							<arrangement isadId="3.4" origin="//ordner/originalName + //datei/originalName">/Export_e49eadcea3b24b71bb95c61c8d0fba89.pdf</arrangement>
						</contentStructure>
						<conditionsAccessUse isadId="4">
							<accessConditions isadId="4.1">
								<hasPrivacyProtection origin="//dokument/datenschutz">false</hasPrivacyProtection>
								<openToThePublic origin="//dokument/oeffentlichkeitsstatus">undefined</openToThePublic>
								<classification origin="//dokument/klassifizierungskategorie">unclassified</classification>
							</accessConditions>
							<physTech isadId="4.4" origin="ingest">digital</physTech>
							<physTech isadId="4.4" origin="//dokument/erscheinungsform">digital</physTech>
						</conditionsAccessUse>
						<additionalReference>
							<secondaryDataLocator xpointer="premis.xml#ID_B6E10B09-325F-4719-B623-651CEC4F69F5"/>
						</additionalReference>
						<additionalData>
							<mdWrap>
								<property origin="//dokument/zusatzDaten/merkmal" key="Dokumentdatum">15.04.2019</property>
							</mdWrap>
						</additionalData>
					</archivalDescription>
				</archivalDescription>
			</archivalDescription>
		</archivalDescription>
	</archivalDescription>
</archivalDescription>
