<?xml version="1.0" encoding="UTF-8"?>
<premis:premis xmlns:premis="info:lc/xmlns/premis-v2" xmlns:xlink="http://www.w3.org/1999/xlink" xmlns:xsi="http://www.w3.org/2001/XMLSchema-instance" version="2.1" xsi:schemaLocation="info:lc/xmlns/premis-v2 xsd/premis/premis-v2-1.xsd">
	<premis:object xsi:type="premis:file" xmlID="ID_572F7416-33E7-4A23-8369-D8FE871A943B">
		<premis:objectIdentifier>
			<premis:objectIdentifierType>xmlID</premis:objectIdentifierType>
			<premis:objectIdentifierValue>ID_572F7416-33E7-4A23-8369-D8FE871A943B</premis:objectIdentifierValue>
		</premis:objectIdentifier>
		<premis:preservationLevel>
			<premis:preservationLevelValue>0</premis:preservationLevelValue>
		</premis:preservationLevel>
		<premis:objectCharacteristics>
			<premis:compositionLevel>0</premis:compositionLevel>
			<premis:fixity>
				<premis:messageDigestAlgorithm>MD5</premis:messageDigestAlgorithm>
				<premis:messageDigest>bcd87cd6894101800c99f02b6da637f4</premis:messageDigest>
			</premis:fixity>
			<premis:size>61846</premis:size>
			<premis:format>
				<premis:formatDesignation>
					<premis:formatName>Acrobat PDF 1.5 - Portable Document Format</premis:formatName>
					<premis:formatVersion>1.5</premis:formatVersion>
				</premis:formatDesignation>
				<premis:formatRegistry>
					<premis:formatRegistryName>PRONOM</premis:formatRegistryName>
					<premis:formatRegistryKey>fmt/19</premis:formatRegistryKey>
				</premis:formatRegistry>
			</premis:format>
			<premis:creatingApplication>
				<premis:dateCreatedByApplication>2017-04-12</premis:dateCreatedByApplication>
			</premis:creatingApplication>
		</premis:objectCharacteristics>
		<premis:originalName>Kriterien_Dringlichkeit_Vorstösse.pdf</premis:originalName>
		<premis:storage>
			<premis:contentLocation>
				<premis:contentLocationType>URL</premis:contentLocationType>
				<premis:contentLocationValue>00/00/15/Kriterien_Dringlichkeit_Vorstoesse.pdf</premis:contentLocationValue>
			</premis:contentLocation>
		</premis:storage>
		<premis:linkingEventIdentifier>
			<premis:linkingEventIdentifierType>xmlID</premis:linkingEventIdentifierType>
			<premis:linkingEventIdentifierValue>ID_BFE7BC88-4E51-4CF6-8A77-AF39FEF5F41E</premis:linkingEventIdentifierValue>
		</premis:linkingEventIdentifier>
	</premis:object>
	<premis:object xsi:type="premis:file" xmlID="ID_27A474E1-E46C-46D2-80B5-F67A8244BF70">
		<premis:objectIdentifier>
			<premis:objectIdentifierType>xmlID</premis:objectIdentifierType>
			<premis:objectIdentifierValue>ID_27A474E1-E46C-46D2-80B5-F67A8244BF70</premis:objectIdentifierValue>
		</premis:objectIdentifier>
		<premis:preservationLevel>
			<premis:preservationLevelValue>0</premis:preservationLevelValue>
		</premis:preservationLevel>
		<premis:objectCharacteristics>
			<premis:compositionLevel>0</premis:compositionLevel>
			<premis:fixity>
				<premis:messageDigestAlgorithm>MD5</premis:messageDigestAlgorithm>
				<premis:messageDigest>644f9fc7dc14bb5f5de50412c9dd1701</premis:messageDigest>
			</premis:fixity>
			<premis:size>196608</premis:size>
			<premis:format>
				<premis:formatDesignation>
					<premis:formatName>Unknown</premis:formatName>
				</premis:formatDesignation>
			</premis:format>
			<premis:creatingApplication>
				<premis:dateCreatedByApplication>2017-04-12</premis:dateCreatedByApplication>
			</premis:creatingApplication>
		</premis:objectCharacteristics>
		<premis:originalName>Kriterien_Dringlichkeit_Vorstösse.pdf</premis:originalName>
		<premis:storage>
			<premis:contentLocation>
				<premis:contentLocationType>URL</premis:contentLocationType>
				<premis:contentLocationValue>00/00/16/Kriterien_Dringlichkeit_Vorstoesse.pdf</premis:contentLocationValue>
			</premis:contentLocation>
		</premis:storage>
		<premis:linkingEventIdentifier>
			<premis:linkingEventIdentifierType>xmlID</premis:linkingEventIdentifierType>
			<premis:linkingEventIdentifierValue>ID_BFE7BC88-4E51-4CF6-8A77-AF39FEF5F41E</premis:linkingEventIdentifierValue>
		</premis:linkingEventIdentifier>
	</premis:object>
	<premis:object xsi:type="premis:file" xmlID="ID_8847B555-3678-4324-A288-9A34B8EF6BA1">
		<premis:objectIdentifier>
			<premis:objectIdentifierType>xmlID</premis:objectIdentifierType>
			<premis:objectIdentifierValue>ID_8847B555-3678-4324-A288-9A34B8EF6BA1</premis:objectIdentifierValue>
		</premis:objectIdentifier>
		<premis:preservationLevel>
			<premis:preservationLevelValue>0</premis:preservationLevelValue>
		</premis:preservationLevel>
		<premis:objectCharacteristics>
			<premis:compositionLevel>0</premis:compositionLevel>
			<premis:fixity>
				<premis:messageDigestAlgorithm>MD5</premis:messageDigestAlgorithm>
				<premis:messageDigest>1d93ea1e247895db9c4e93f192cb2458</premis:messageDigest>
			</premis:fixity>
			<premis:size>69774</premis:size>
			<premis:format>
				<premis:formatDesignation>
					<premis:formatName>Acrobat PDF 1.6 - Portable Document Format</premis:formatName>
					<premis:formatVersion>1.6</premis:formatVersion>
				</premis:formatDesignation>
				<premis:formatRegistry>
					<premis:formatRegistryName>PRONOM</premis:formatRegistryName>
					<premis:formatRegistryKey>fmt/20</premis:formatRegistryKey>
				</premis:formatRegistry>
			</premis:format>
			<premis:creatingApplication>
				<premis:dateCreatedByApplication>2017-04-12</premis:dateCreatedByApplication>
			</premis:creatingApplication>
		</premis:objectCharacteristics>
		<premis:originalName>Export_9345cecf28634a0987bad05c6c32380c.pdf</premis:originalName>
		<premis:storage>
			<premis:contentLocation>
				<premis:contentLocationType>URL</premis:contentLocationType>
				<premis:contentLocationValue>00/00/17/Export_9345cecf28634a0987bad05c6c32380c.pdf</premis:contentLocationValue>
			</premis:contentLocation>
		</premis:storage>
		<premis:linkingEventIdentifier>
			<premis:linkingEventIdentifierType>xmlID</premis:linkingEventIdentifierType>
			<premis:linkingEventIdentifierValue>ID_BFE7BC88-4E51-4CF6-8A77-AF39FEF5F41E</premis:linkingEventIdentifierValue>
		</premis:linkingEventIdentifier>
	</premis:object>
	<premis:event xmlID="ID_BFE7BC88-4E51-4CF6-8A77-AF39FEF5F41E">
		<premis:eventIdentifier>
			<premis:eventIdentifierType>xmlID</premis:eventIdentifierType>
			<premis:eventIdentifierValue>ID_BFE7BC88-4E51-4CF6-8A77-AF39FEF5F41E</premis:eventIdentifierValue>
		</premis:eventIdentifier>
		<premis:eventType>ingest</premis:eventType>
		<premis:eventDateTime>2019-09-02T10:14:03.038+02:00</premis:eventDateTime>
		<premis:eventOutcomeInformation>
			<premis:eventOutcomeDetail>
				<premis:eventOutcomeDetailNote>CH-000076-6:aip-01-0001821311-0001</premis:eventOutcomeDetailNote>
			</premis:eventOutcomeDetail>
		</premis:eventOutcomeInformation>
		<premis:linkingAgentIdentifier>
			<premis:linkingAgentIdentifierType>xmlID</premis:linkingAgentIdentifierType>
			<premis:linkingAgentIdentifierValue>ID_23A975C8-BF12-4BB1-A7CA-35F7925E92D2</premis:linkingAgentIdentifierValue>
			<premis:linkingAgentRole>Archivar</premis:linkingAgentRole>
		</premis:linkingAgentIdentifier>
		<premis:linkingObjectIdentifier>
			<premis:linkingObjectIdentifierType>xmlID</premis:linkingObjectIdentifierType>
			<premis:linkingObjectIdentifierValue>ID_572F7416-33E7-4A23-8369-D8FE871A943B</premis:linkingObjectIdentifierValue>
		</premis:linkingObjectIdentifier>
		<premis:linkingObjectIdentifier>
			<premis:linkingObjectIdentifierType>xmlID</premis:linkingObjectIdentifierType>
			<premis:linkingObjectIdentifierValue>ID_27A474E1-E46C-46D2-80B5-F67A8244BF70</premis:linkingObjectIdentifierValue>
		</premis:linkingObjectIdentifier>
		<premis:linkingObjectIdentifier>
			<premis:linkingObjectIdentifierType>xmlID</premis:linkingObjectIdentifierType>
			<premis:linkingObjectIdentifierValue>ID_8847B555-3678-4324-A288-9A34B8EF6BA1</premis:linkingObjectIdentifierValue>
		</premis:linkingObjectIdentifier>
	</premis:event>
	<premis:agent>
		<premis:agentIdentifier>
			<premis:agentIdentifierType>xmlID</premis:agentIdentifierType>
			<premis:agentIdentifierValue>ID_23A975C8-BF12-4BB1-A7CA-35F7925E92D2</premis:agentIdentifierValue>
		</premis:agentIdentifier>
		<premis:agentName>ADMIN1</premis:agentName>
		<premis:agentType>person</premis:agentType>
		<premis:linkingEventIdentifier>
			<premis:linkingEventIdentifierType>xmlID</premis:linkingEventIdentifierType>
			<premis:linkingEventIdentifierValue>ID_BFE7BC88-4E51-4CF6-8A77-AF39FEF5F41E</premis:linkingEventIdentifierValue>
		</premis:linkingEventIdentifier>
	</premis:agent>
</premis:premis>