<?xml version="1.0" encoding="UTF-8"?>
<isadg:archivalDescription xmlns:isadg="ISADG" xmlns:xsi="http://www.w3.org/2001/XMLSchema-instance" xsi:schemaLocation="ISADG xsd/xIsadgAip/xIsadgAip_v1-10.xsd">
	<isadg:identity>
		<isadg:referenceCode>TTT 244</isadg:referenceCode>
		<isadg:title>Test</isadg:title>
		<isadg:dates>
			<isadg:fromDate>2014-10-28</isadg:fromDate>
			<isadg:toDate>2017-04-12</isadg:toDate>
		</isadg:dates>
		<isadg:descriptionLevel>Akzession</isadg:descriptionLevel>
	</isadg:identity>
	<isadg:context>
		<isadg:creator>EGGR 2017.04.12</isadg:creator>
		<isadg:archivalHistory>[scope:block key="TypeOfSubmission"]GEVER[/scope:block][scope:block key="SourceInformationSystem"]CMIKONSUL, V0.0.0.5557[/scope:block][scope:block key="SourceInformationSystemDescription"]GHS[/scope:block][scope:block key="RegistryName"]Registraturplan[/scope:block]</isadg:archivalHistory>
		<isadg:acqInfo>JSDDS Gemeinden - ENTW</isadg:acqInfo>
	</isadg:context>
	<isadg:contentStructure>
		<isadg:arrangement>[scope:block key="ClassificationSystemName"]Registraturplan[/scope:block]</isadg:arrangement>
	</isadg:contentStructure>
	<isadg:additionalData>
		<isadg:mdWrap>
			<isadg:property key="Initialprocessing" value="ech-0160/gever/dossier"/>
			<isadg:property key="Initialmetadatafiles" value="metadata.xml"/>
			<isadg:property key="CreationDatesReadable" value="Von/Bis (&gt;= x und &lt;=y): 2014.10.28 - 2017.04.12"/>
			<isadg:property key="CreationDatesTechnical" value="&gt;=&lt;= +20141028 +20170412"/>
			<isadg:property key="PackageType" value="SIP"/>
			<isadg:property key="SubmissionNumber" value="1"/>
			<isadg:property key="UsagePeriodReadable" value="Von/Bis (&gt;= x und &lt;=y): 2000.01.01 - 2099.12.31"/>
			<isadg:property key="UsagePeriodTechnical" value="&gt;=&lt;= +20000101 +20991231"/>
		</isadg:mdWrap>
	</isadg:additionalData>
	<isadg:archivalDescription>
		<isadg:identity>
			<isadg:referenceCode>0</isadg:referenceCode>
			<isadg:title>Allgemeines, Übergreifende und von aussen gesteuerte Aufgaben</isadg:title>
			<isadg:descriptionLevel>Gruppe</isadg:descriptionLevel>
		</isadg:identity>
		<isadg:conditionsAccessUse>
			<isadg:accessConditions>
				<isadg:hasPrivacyProtection>false</isadg:hasPrivacyProtection>
				<isadg:openToThePublic>undefined</isadg:openToThePublic>
				<isadg:classification>unclassified</isadg:classification>
			</isadg:accessConditions>
		</isadg:conditionsAccessUse>
		<isadg:additionalData>
			<isadg:mdWrap>
				<isadg:property key="OriginalId" value="RPPf1c222c392594a478ee3e3f7f56fb71d"/>
				<isadg:property key="LeadOrganisationalUnit" value="GHS"/>
				<isadg:property key="AdditionalDataArray" value="AufbewahrungsfristInTagen: 3600###Begriff: Allgemeines, Übergreifende und von aussen gesteuerte Aufgaben"/>
				<isadg:property key="NoExplicitPrivacyProtection" value="NoExplicitPrivacyProtection"/>
			</isadg:mdWrap>
		</isadg:additionalData>
		<isadg:archivalDescription>
			<isadg:identity>
				<isadg:referenceCode>0.0</isadg:referenceCode>
				<isadg:title>Allgemeines</isadg:title>
				<isadg:descriptionLevel>Gruppe</isadg:descriptionLevel>
			</isadg:identity>
			<isadg:conditionsAccessUse>
				<isadg:accessConditions>
					<isadg:hasPrivacyProtection>false</isadg:hasPrivacyProtection>
					<isadg:openToThePublic>undefined</isadg:openToThePublic>
					<isadg:classification>unclassified</isadg:classification>
				</isadg:accessConditions>
			</isadg:conditionsAccessUse>
			<isadg:additionalData>
				<isadg:mdWrap>
					<isadg:property key="OriginalId" value="RPPc2dc87661dce4d9093689367e5f0bb1f"/>
					<isadg:property key="LeadOrganisationalUnit" value="GHS"/>
					<isadg:property key="AdditionalDataArray" value="AufbewahrungsfristInTagen: 3600###Begriff: Allgemeines"/>
					<isadg:property key="NoExplicitPrivacyProtection" value="NoExplicitPrivacyProtection"/>
				</isadg:mdWrap>
			</isadg:additionalData>
			<isadg:archivalDescription>
				<isadg:identity>
					<isadg:referenceCode>0.0.3</isadg:referenceCode>
					<isadg:title>übergeordnete Listen, Anleitungen, Weisungen Staatskanzlei</isadg:title>
					<isadg:descriptionLevel>Gruppe</isadg:descriptionLevel>
				</isadg:identity>
				<isadg:conditionsAccessUse>
					<isadg:accessConditions>
						<isadg:hasPrivacyProtection>false</isadg:hasPrivacyProtection>
						<isadg:openToThePublic>undefined</isadg:openToThePublic>
						<isadg:classification>unclassified</isadg:classification>
					</isadg:accessConditions>
				</isadg:conditionsAccessUse>
				<isadg:additionalData>
					<isadg:mdWrap>
						<isadg:property key="OriginalId" value="RPP7f51f29faec743588762d8d7fb5ec865"/>
						<isadg:property key="LeadOrganisationalUnit" value="GHS"/>
						<isadg:property key="AdditionalDataArray" value="AufbewahrungsfristInTagen: 0###Begriff: übergeordnete Listen, Anleitungen, Weisungen Staatskanzlei"/>
						<isadg:property key="NoExplicitPrivacyProtection" value="NoExplicitPrivacyProtection"/>
					</isadg:mdWrap>
				</isadg:additionalData>
				<isadg:archivalDescription>
					<isadg:identity>
						<isadg:referenceCode>TTT 244/100</isadg:referenceCode>
						<isadg:title>Weisungen und Richtlinien für Kantonsratsgeschäfte</isadg:title>
						<isadg:dates>
							<isadg:fromDate>2014-10-28</isadg:fromDate>
							<isadg:toDate>2017-04-12</isadg:toDate>
						</isadg:dates>
						<isadg:descriptionLevel>Archiveinheit</isadg:descriptionLevel>
					</isadg:identity>
					<isadg:conditionsAccessUse>
						<isadg:accessConditions>
							<isadg:hasPrivacyProtection>false</isadg:hasPrivacyProtection>
							<isadg:openToThePublic>undefined</isadg:openToThePublic>
							<isadg:classification>unclassified</isadg:classification>
						</isadg:accessConditions>
					</isadg:conditionsAccessUse>
					<isadg:additionalReference>
						<isadg:recordReference>2014-3542</isadg:recordReference>
						<isadg:aipReference>CH-000076-6:aip-01-0001821311-0001</isadg:aipReference>
					</isadg:additionalReference>
					<isadg:additionalData>
						<isadg:mdWrap>
							<isadg:property key="CreationDatesReadable" value="Von/Bis (&gt;= x und &lt;=y): 2014.10.28 - 2017.04.12"/>
							<isadg:property key="CreationDatesTechnical" value="&gt;=&lt;= +20141028 +20170412"/>
							<isadg:property key="LeadOrganisationalUnit" value="AFG Mitarbeitende; G-M"/>
							<isadg:property key="OriginalId" value="DOS93cd9359dcef4f3fac3345d273e6cb2d"/>
							<isadg:property key="OpeningDateReadable" value="28.10.2014"/>
							<isadg:property key="OpeningDateTechnical" value="+20141028"/>
							<isadg:property key="ClosingDateReadable" value="29.07.2016"/>
							<isadg:property key="ClosingDateTechnical" value="+20160729"/>
							<isadg:property key="AdditionalDataArray" value="AufbewahrungsfristInTagen: 0###Ende: 29.07.2016###Beginn: 28.10.2014"/>
							<isadg:property key="NoExplicitPrivacyProtection" value="NoExplicitPrivacyProtection"/>
						</isadg:mdWrap>
					</isadg:additionalData>
					<isadg:archivalDescription>
						<isadg:identity>
							<isadg:referenceCode>TTT 244/100.1</isadg:referenceCode>
							<isadg:title>Kriterien_Dringlichkeit_Vorstösse</isadg:title>
							<isadg:dates>
								<isadg:fromDate>2014-10-28</isadg:fromDate>
								<isadg:toDate>2016-07-29</isadg:toDate>
							</isadg:dates>
							<isadg:descriptionLevel>Teileinheit</isadg:descriptionLevel>
						</isadg:identity>
						<isadg:conditionsAccessUse>
							<isadg:accessConditions>
								<isadg:hasPrivacyProtection>false</isadg:hasPrivacyProtection>
								<isadg:openToThePublic>undefined</isadg:openToThePublic>
								<isadg:classification>unclassified</isadg:classification>
							</isadg:accessConditions>
							<isadg:physTech>digital</isadg:physTech>
						</isadg:conditionsAccessUse>
						<isadg:notes>
							<isadg:note>(Ablehnung) Dringlichkeit muss von uns nicht begründet werden. RR begründet dies anhand der Kriterien.</isadg:note>
						</isadg:notes>
						<isadg:additionalReference>
							<isadg:secondaryDataLocator xpointer="premis.xml#ID_572F7416-33E7-4A23-8369-D8FE871A943B"/>
							<isadg:secondaryDataLocator xpointer="premis.xml#ID_27A474E1-E46C-46D2-80B5-F67A8244BF70"/>
						</isadg:additionalReference>
						<isadg:additionalData>
							<isadg:mdWrap>
								<isadg:property key="CreationDatesReadable" value="Von/Bis (&gt;= x und &lt;=y): 2014.10.28 - 2016.07.29"/>
								<isadg:property key="CreationDatesTechnical" value="&gt;=&lt;= +20141028 +20160729"/>
								<isadg:property key="OriginalId" value="DOKa8e6140275804b579152cdfb2de43787"/>
								<isadg:property key="AdditionalDataArray" value="Dokumentdatum: 28.10.2014"/>
								<isadg:property key="NoExplicitPrivacyProtection" value="NoExplicitPrivacyProtection"/>
							</isadg:mdWrap>
						</isadg:additionalData>
					</isadg:archivalDescription>
					<isadg:archivalDescription>
						<isadg:identity>
							<isadg:referenceCode>TTT 244/100.2</isadg:referenceCode>
							<isadg:title>Passivierungsreport</isadg:title>
							<isadg:dates>
								<isadg:fromDate>2017-04-12</isadg:fromDate>
								<isadg:toDate>2017-04-12</isadg:toDate>
							</isadg:dates>
							<isadg:descriptionLevel>Teileinheit</isadg:descriptionLevel>
						</isadg:identity>
						<isadg:conditionsAccessUse>
							<isadg:accessConditions>
								<isadg:hasPrivacyProtection>false</isadg:hasPrivacyProtection>
								<isadg:openToThePublic>undefined</isadg:openToThePublic>
								<isadg:classification>unclassified</isadg:classification>
							</isadg:accessConditions>
							<isadg:physTech>digital</isadg:physTech>
						</isadg:conditionsAccessUse>
						<isadg:additionalReference>
							<isadg:secondaryDataLocator xpointer="premis.xml#ID_8847B555-3678-4324-A288-9A34B8EF6BA1"/>
						</isadg:additionalReference>
						<isadg:additionalData>
							<isadg:mdWrap>
								<isadg:property key="CreationDatesReadable" value="Genau (=): 2017.04.12"/>
								<isadg:property key="CreationDatesTechnical" value="= +20170412"/>
								<isadg:property key="OriginalId" value="DOKaa965651450248a2b83ccb91ff8091f2"/>
								<isadg:property key="AdditionalDataArray" value="Dokumentdatum: 12.04.2017"/>
								<isadg:property key="NoExplicitPrivacyProtection" value="NoExplicitPrivacyProtection"/>
							</isadg:mdWrap>
						</isadg:additionalData>
					</isadg:archivalDescription>
				</isadg:archivalDescription>
			</isadg:archivalDescription>
		</isadg:archivalDescription>
	</isadg:archivalDescription>
</isadg:archivalDescription>