<?xml version="1.0" encoding="UTF-8"?>
<premis:premis xmlns:premis="info:lc/xmlns/premis-v2" xmlns:xlink="http://www.w3.org/1999/xlink" xmlns:xsi="http://www.w3.org/2001/XMLSchema-instance" version="2.1" xsi:schemaLocation="info:lc/xmlns/premis-v2 xsd/premis/premis-v2-1.xsd">
	<premis:object xsi:type="premis:file" xmlID="ID_227FB49F-B0E9-4C16-8BC6-F04857D3C14E">
		<premis:objectIdentifier>
			<premis:objectIdentifierType>xmlID</premis:objectIdentifierType>
			<premis:objectIdentifierValue>ID_227FB49F-B0E9-4C16-8BC6-F04857D3C14E</premis:objectIdentifierValue>
		</premis:objectIdentifier>
		<premis:preservationLevel>
			<premis:preservationLevelValue>0</premis:preservationLevelValue>
		</premis:preservationLevel>
		<premis:objectCharacteristics>
			<premis:compositionLevel>0</premis:compositionLevel>
			<premis:fixity>
				<premis:messageDigestAlgorithm>MD5</premis:messageDigestAlgorithm>
				<premis:messageDigest>2edceda08fc41bdf183dc1092560f317</premis:messageDigest>
			</premis:fixity>
			<premis:size>73283</premis:size>
			<premis:format>
				<premis:formatDesignation>
					<premis:formatName>Microsoft Word for Windows</premis:formatName>
					<premis:formatVersion>2007 onwards</premis:formatVersion>
				</premis:formatDesignation>
				<premis:formatRegistry>
					<premis:formatRegistryName>PRONOM</premis:formatRegistryName>
					<premis:formatRegistryKey>fmt/412</premis:formatRegistryKey>
				</premis:formatRegistry>
			</premis:format>
			<premis:creatingApplication>
				<premis:dateCreatedByApplication>2019-04-15</premis:dateCreatedByApplication>
			</premis:creatingApplication>
		</premis:objectCharacteristics>
		<premis:originalName>1 HofbrückeText.docx</premis:originalName>
		<premis:storage>
			<premis:contentLocation>
				<premis:contentLocationType>URL</premis:contentLocationType>
				<premis:contentLocationValue>00/00/15/1 HofbrueckeText.docx</premis:contentLocationValue>
			</premis:contentLocation>
		</premis:storage>
		<premis:linkingEventIdentifier>
			<premis:linkingEventIdentifierType>xmlID</premis:linkingEventIdentifierType>
			<premis:linkingEventIdentifierValue>ID_53957EA2-2E34-426C-953F-5D407CAF1B42</premis:linkingEventIdentifierValue>
		</premis:linkingEventIdentifier>
	</premis:object>
	<premis:object xsi:type="premis:file" xmlID="ID_6DDFEB2A-7240-40DE-8576-48FEA9232F19">
		<premis:objectIdentifier>
			<premis:objectIdentifierType>xmlID</premis:objectIdentifierType>
			<premis:objectIdentifierValue>ID_6DDFEB2A-7240-40DE-8576-48FEA9232F19</premis:objectIdentifierValue>
		</premis:objectIdentifier>
		<premis:preservationLevel>
			<premis:preservationLevelValue>0</premis:preservationLevelValue>
		</premis:preservationLevel>
		<premis:objectCharacteristics>
			<premis:compositionLevel>0</premis:compositionLevel>
			<premis:fixity>
				<premis:messageDigestAlgorithm>MD5</premis:messageDigestAlgorithm>
				<premis:messageDigest>d59dc15b30517b78ea43bf0ba8630973</premis:messageDigest>
			</premis:fixity>
			<premis:size>786432</premis:size>
			<premis:format>
				<premis:formatDesignation>
					<premis:formatName>Unknown</premis:formatName>
				</premis:formatDesignation>
			</premis:format>
			<premis:creatingApplication>
				<premis:dateCreatedByApplication>2019-04-15</premis:dateCreatedByApplication>
			</premis:creatingApplication>
		</premis:objectCharacteristics>
		<premis:originalName>1 HofbrückeText.pdf</premis:originalName>
		<premis:storage>
			<premis:contentLocation>
				<premis:contentLocationType>URL</premis:contentLocationType>
				<premis:contentLocationValue>00/00/16/1 HofbrueckeText.pdf</premis:contentLocationValue>
			</premis:contentLocation>
		</premis:storage>
		<premis:linkingEventIdentifier>
			<premis:linkingEventIdentifierType>xmlID</premis:linkingEventIdentifierType>
			<premis:linkingEventIdentifierValue>ID_53957EA2-2E34-426C-953F-5D407CAF1B42</premis:linkingEventIdentifierValue>
		</premis:linkingEventIdentifier>
	</premis:object>
	<premis:object xsi:type="premis:file" xmlID="ID_618C5150-0B34-49FB-A527-339D2D09FC29">
		<premis:objectIdentifier>
			<premis:objectIdentifierType>xmlID</premis:objectIdentifierType>
			<premis:objectIdentifierValue>ID_618C5150-0B34-49FB-A527-339D2D09FC29</premis:objectIdentifierValue>
		</premis:objectIdentifier>
		<premis:preservationLevel>
			<premis:preservationLevelValue>0</premis:preservationLevelValue>
		</premis:preservationLevel>
		<premis:objectCharacteristics>
			<premis:compositionLevel>0</premis:compositionLevel>
			<premis:fixity>
				<premis:messageDigestAlgorithm>MD5</premis:messageDigestAlgorithm>
				<premis:messageDigest>85ae246143f4f2f597a9409b4ec71c23</premis:messageDigest>
			</premis:fixity>
			<premis:size>59205</premis:size>
			<premis:format>
				<premis:formatDesignation>
					<premis:formatName>Microsoft Word for Windows</premis:formatName>
					<premis:formatVersion>2007 onwards</premis:formatVersion>
				</premis:formatDesignation>
				<premis:formatRegistry>
					<premis:formatRegistryName>PRONOM</premis:formatRegistryName>
					<premis:formatRegistryKey>fmt/412</premis:formatRegistryKey>
				</premis:formatRegistry>
			</premis:format>
			<premis:creatingApplication>
				<premis:dateCreatedByApplication>2019-04-15</premis:dateCreatedByApplication>
			</premis:creatingApplication>
		</premis:objectCharacteristics>
		<premis:originalName>1 HofbrückeText.docx</premis:originalName>
		<premis:storage>
			<premis:contentLocation>
				<premis:contentLocationType>URL</premis:contentLocationType>
				<premis:contentLocationValue>00/00/17/1 HofbrueckeText.docx</premis:contentLocationValue>
			</premis:contentLocation>
		</premis:storage>
		<premis:linkingEventIdentifier>
			<premis:linkingEventIdentifierType>xmlID</premis:linkingEventIdentifierType>
			<premis:linkingEventIdentifierValue>ID_53957EA2-2E34-426C-953F-5D407CAF1B42</premis:linkingEventIdentifierValue>
		</premis:linkingEventIdentifier>
	</premis:object>
	<premis:object xsi:type="premis:file" xmlID="ID_E94401C6-B821-41E4-94CF-28F9E066A667">
		<premis:objectIdentifier>
			<premis:objectIdentifierType>xmlID</premis:objectIdentifierType>
			<premis:objectIdentifierValue>ID_E94401C6-B821-41E4-94CF-28F9E066A667</premis:objectIdentifierValue>
		</premis:objectIdentifier>
		<premis:preservationLevel>
			<premis:preservationLevelValue>0</premis:preservationLevelValue>
		</premis:preservationLevel>
		<premis:objectCharacteristics>
			<premis:compositionLevel>0</premis:compositionLevel>
			<premis:fixity>
				<premis:messageDigestAlgorithm>MD5</premis:messageDigestAlgorithm>
				<premis:messageDigest>33468e4a9fa7919028ea306562d57b18</premis:messageDigest>
			</premis:fixity>
			<premis:size>786432</premis:size>
			<premis:format>
				<premis:formatDesignation>
					<premis:formatName>Unknown</premis:formatName>
				</premis:formatDesignation>
			</premis:format>
			<premis:creatingApplication>
				<premis:dateCreatedByApplication>2019-04-15</premis:dateCreatedByApplication>
			</premis:creatingApplication>
		</premis:objectCharacteristics>
		<premis:originalName>1 HofbrückeText.pdf</premis:originalName>
		<premis:storage>
			<premis:contentLocation>
				<premis:contentLocationType>URL</premis:contentLocationType>
				<premis:contentLocationValue>00/00/18/1 HofbrueckeText.pdf</premis:contentLocationValue>
			</premis:contentLocation>
		</premis:storage>
		<premis:linkingEventIdentifier>
			<premis:linkingEventIdentifierType>xmlID</premis:linkingEventIdentifierType>
			<premis:linkingEventIdentifierValue>ID_53957EA2-2E34-426C-953F-5D407CAF1B42</premis:linkingEventIdentifierValue>
		</premis:linkingEventIdentifier>
	</premis:object>
	<premis:object xsi:type="premis:file" xmlID="ID_B1079C64-651D-4FC4-B212-5C4ABF76578F">
		<premis:objectIdentifier>
			<premis:objectIdentifierType>xmlID</premis:objectIdentifierType>
			<premis:objectIdentifierValue>ID_B1079C64-651D-4FC4-B212-5C4ABF76578F</premis:objectIdentifierValue>
		</premis:objectIdentifier>
		<premis:preservationLevel>
			<premis:preservationLevelValue>0</premis:preservationLevelValue>
		</premis:preservationLevel>
		<premis:objectCharacteristics>
			<premis:compositionLevel>0</premis:compositionLevel>
			<premis:fixity>
				<premis:messageDigestAlgorithm>MD5</premis:messageDigestAlgorithm>
				<premis:messageDigest>da7c3dbdcaed6256c2d5279bde375dfd</premis:messageDigest>
			</premis:fixity>
			<premis:size>59220</premis:size>
			<premis:format>
				<premis:formatDesignation>
					<premis:formatName>Microsoft Word for Windows</premis:formatName>
					<premis:formatVersion>2007 onwards</premis:formatVersion>
				</premis:formatDesignation>
				<premis:formatRegistry>
					<premis:formatRegistryName>PRONOM</premis:formatRegistryName>
					<premis:formatRegistryKey>fmt/412</premis:formatRegistryKey>
				</premis:formatRegistry>
			</premis:format>
			<premis:creatingApplication>
				<premis:dateCreatedByApplication>2019-04-15</premis:dateCreatedByApplication>
			</premis:creatingApplication>
		</premis:objectCharacteristics>
		<premis:originalName>1 HofbrückeText.docx</premis:originalName>
		<premis:storage>
			<premis:contentLocation>
				<premis:contentLocationType>URL</premis:contentLocationType>
				<premis:contentLocationValue>00/00/19/1 HofbrueckeText.docx</premis:contentLocationValue>
			</premis:contentLocation>
		</premis:storage>
		<premis:linkingEventIdentifier>
			<premis:linkingEventIdentifierType>xmlID</premis:linkingEventIdentifierType>
			<premis:linkingEventIdentifierValue>ID_53957EA2-2E34-426C-953F-5D407CAF1B42</premis:linkingEventIdentifierValue>
		</premis:linkingEventIdentifier>
	</premis:object>
	<premis:object xsi:type="premis:file" xmlID="ID_E32CAEC6-3F53-43BC-9728-74B99952B730">
		<premis:objectIdentifier>
			<premis:objectIdentifierType>xmlID</premis:objectIdentifierType>
			<premis:objectIdentifierValue>ID_E32CAEC6-3F53-43BC-9728-74B99952B730</premis:objectIdentifierValue>
		</premis:objectIdentifier>
		<premis:preservationLevel>
			<premis:preservationLevelValue>0</premis:preservationLevelValue>
		</premis:preservationLevel>
		<premis:objectCharacteristics>
			<premis:compositionLevel>0</premis:compositionLevel>
			<premis:fixity>
				<premis:messageDigestAlgorithm>MD5</premis:messageDigestAlgorithm>
				<premis:messageDigest>b8809264818cb12a27c51a329ee3a738</premis:messageDigest>
			</premis:fixity>
			<premis:size>786432</premis:size>
			<premis:format>
				<premis:formatDesignation>
					<premis:formatName>Unknown</premis:formatName>
				</premis:formatDesignation>
			</premis:format>
			<premis:creatingApplication>
				<premis:dateCreatedByApplication>2019-04-15</premis:dateCreatedByApplication>
			</premis:creatingApplication>
		</premis:objectCharacteristics>
		<premis:originalName>1 HofbrückeText.pdf</premis:originalName>
		<premis:storage>
			<premis:contentLocation>
				<premis:contentLocationType>URL</premis:contentLocationType>
				<premis:contentLocationValue>00/00/20/1 HofbrueckeText.pdf</premis:contentLocationValue>
			</premis:contentLocation>
		</premis:storage>
		<premis:linkingEventIdentifier>
			<premis:linkingEventIdentifierType>xmlID</premis:linkingEventIdentifierType>
			<premis:linkingEventIdentifierValue>ID_53957EA2-2E34-426C-953F-5D407CAF1B42</premis:linkingEventIdentifierValue>
		</premis:linkingEventIdentifier>
	</premis:object>
	<premis:object xsi:type="premis:file" xmlID="ID_00C4A75B-22BF-4384-94BB-D63B3EB66743">
		<premis:objectIdentifier>
			<premis:objectIdentifierType>xmlID</premis:objectIdentifierType>
			<premis:objectIdentifierValue>ID_00C4A75B-22BF-4384-94BB-D63B3EB66743</premis:objectIdentifierValue>
		</premis:objectIdentifier>
		<premis:preservationLevel>
			<premis:preservationLevelValue>0</premis:preservationLevelValue>
		</premis:preservationLevel>
		<premis:objectCharacteristics>
			<premis:compositionLevel>0</premis:compositionLevel>
			<premis:fixity>
				<premis:messageDigestAlgorithm>MD5</premis:messageDigestAlgorithm>
				<premis:messageDigest>d4b414daf28de505a31e0b5f8593f266</premis:messageDigest>
			</premis:fixity>
			<premis:size>59334</premis:size>
			<premis:format>
				<premis:formatDesignation>
					<premis:formatName>Microsoft Word for Windows</premis:formatName>
					<premis:formatVersion>2007 onwards</premis:formatVersion>
				</premis:formatDesignation>
				<premis:formatRegistry>
					<premis:formatRegistryName>PRONOM</premis:formatRegistryName>
					<premis:formatRegistryKey>fmt/412</premis:formatRegistryKey>
				</premis:formatRegistry>
			</premis:format>
			<premis:creatingApplication>
				<premis:dateCreatedByApplication>2019-04-15</premis:dateCreatedByApplication>
			</premis:creatingApplication>
		</premis:objectCharacteristics>
		<premis:originalName>1 HofbrückeText.docx</premis:originalName>
		<premis:storage>
			<premis:contentLocation>
				<premis:contentLocationType>URL</premis:contentLocationType>
				<premis:contentLocationValue>00/00/21/1 HofbrueckeText.docx</premis:contentLocationValue>
			</premis:contentLocation>
		</premis:storage>
		<premis:linkingEventIdentifier>
			<premis:linkingEventIdentifierType>xmlID</premis:linkingEventIdentifierType>
			<premis:linkingEventIdentifierValue>ID_53957EA2-2E34-426C-953F-5D407CAF1B42</premis:linkingEventIdentifierValue>
		</premis:linkingEventIdentifier>
	</premis:object>
	<premis:object xsi:type="premis:file" xmlID="ID_94896ACC-18E8-41B9-8745-6D026578B4EF">
		<premis:objectIdentifier>
			<premis:objectIdentifierType>xmlID</premis:objectIdentifierType>
			<premis:objectIdentifierValue>ID_94896ACC-18E8-41B9-8745-6D026578B4EF</premis:objectIdentifierValue>
		</premis:objectIdentifier>
		<premis:preservationLevel>
			<premis:preservationLevelValue>0</premis:preservationLevelValue>
		</premis:preservationLevel>
		<premis:objectCharacteristics>
			<premis:compositionLevel>0</premis:compositionLevel>
			<premis:fixity>
				<premis:messageDigestAlgorithm>MD5</premis:messageDigestAlgorithm>
				<premis:messageDigest>108b8c80999d4ba47a2ba53178dfd4a8</premis:messageDigest>
			</premis:fixity>
			<premis:size>786432</premis:size>
			<premis:format>
				<premis:formatDesignation>
					<premis:formatName>Unknown</premis:formatName>
				</premis:formatDesignation>
			</premis:format>
			<premis:creatingApplication>
				<premis:dateCreatedByApplication>2019-04-15</premis:dateCreatedByApplication>
			</premis:creatingApplication>
		</premis:objectCharacteristics>
		<premis:originalName>1 HofbrückeText.pdf</premis:originalName>
		<premis:storage>
			<premis:contentLocation>
				<premis:contentLocationType>URL</premis:contentLocationType>
				<premis:contentLocationValue>00/00/22/1 HofbrueckeText.pdf</premis:contentLocationValue>
			</premis:contentLocation>
		</premis:storage>
		<premis:linkingEventIdentifier>
			<premis:linkingEventIdentifierType>xmlID</premis:linkingEventIdentifierType>
			<premis:linkingEventIdentifierValue>ID_53957EA2-2E34-426C-953F-5D407CAF1B42</premis:linkingEventIdentifierValue>
		</premis:linkingEventIdentifier>
	</premis:object>
	<premis:object xsi:type="premis:file" xmlID="ID_C7A0B99F-C0BF-4DB9-B163-B64DF8BFCF89">
		<premis:objectIdentifier>
			<premis:objectIdentifierType>xmlID</premis:objectIdentifierType>
			<premis:objectIdentifierValue>ID_C7A0B99F-C0BF-4DB9-B163-B64DF8BFCF89</premis:objectIdentifierValue>
		</premis:objectIdentifier>
		<premis:preservationLevel>
			<premis:preservationLevelValue>0</premis:preservationLevelValue>
		</premis:preservationLevel>
		<premis:objectCharacteristics>
			<premis:compositionLevel>0</premis:compositionLevel>
			<premis:fixity>
				<premis:messageDigestAlgorithm>MD5</premis:messageDigestAlgorithm>
				<premis:messageDigest>e051375ac3a31520f246f02b4c893318</premis:messageDigest>
			</premis:fixity>
			<premis:size>23645</premis:size>
			<premis:format>
				<premis:formatDesignation>
					<premis:formatName>Microsoft Word for Windows</premis:formatName>
					<premis:formatVersion>2007 onwards</premis:formatVersion>
				</premis:formatDesignation>
				<premis:formatRegistry>
					<premis:formatRegistryName>PRONOM</premis:formatRegistryName>
					<premis:formatRegistryKey>fmt/412</premis:formatRegistryKey>
				</premis:formatRegistry>
			</premis:format>
			<premis:creatingApplication>
				<premis:dateCreatedByApplication>2019-04-15</premis:dateCreatedByApplication>
			</premis:creatingApplication>
		</premis:objectCharacteristics>
		<premis:originalName>2 Bibliographie.docx</premis:originalName>
		<premis:storage>
			<premis:contentLocation>
				<premis:contentLocationType>URL</premis:contentLocationType>
				<premis:contentLocationValue>00/00/23/2 Bibliographie.docx</premis:contentLocationValue>
			</premis:contentLocation>
		</premis:storage>
		<premis:linkingEventIdentifier>
			<premis:linkingEventIdentifierType>xmlID</premis:linkingEventIdentifierType>
			<premis:linkingEventIdentifierValue>ID_53957EA2-2E34-426C-953F-5D407CAF1B42</premis:linkingEventIdentifierValue>
		</premis:linkingEventIdentifier>
	</premis:object>
	<premis:object xsi:type="premis:file" xmlID="ID_E5225E20-F2BB-476D-BC73-A45FE2F9F10E">
		<premis:objectIdentifier>
			<premis:objectIdentifierType>xmlID</premis:objectIdentifierType>
			<premis:objectIdentifierValue>ID_E5225E20-F2BB-476D-BC73-A45FE2F9F10E</premis:objectIdentifierValue>
		</premis:objectIdentifier>
		<premis:preservationLevel>
			<premis:preservationLevelValue>0</premis:preservationLevelValue>
		</premis:preservationLevel>
		<premis:objectCharacteristics>
			<premis:compositionLevel>0</premis:compositionLevel>
			<premis:fixity>
				<premis:messageDigestAlgorithm>MD5</premis:messageDigestAlgorithm>
				<premis:messageDigest>efef80198ac2a003033597176cd801f2</premis:messageDigest>
			</premis:fixity>
			<premis:size>393216</premis:size>
			<premis:format>
				<premis:formatDesignation>
					<premis:formatName>Unknown</premis:formatName>
				</premis:formatDesignation>
			</premis:format>
			<premis:creatingApplication>
				<premis:dateCreatedByApplication>2019-04-15</premis:dateCreatedByApplication>
			</premis:creatingApplication>
		</premis:objectCharacteristics>
		<premis:originalName>2 Bibliographie.pdf</premis:originalName>
		<premis:storage>
			<premis:contentLocation>
				<premis:contentLocationType>URL</premis:contentLocationType>
				<premis:contentLocationValue>00/00/24/2 Bibliographie.pdf</premis:contentLocationValue>
			</premis:contentLocation>
		</premis:storage>
		<premis:linkingEventIdentifier>
			<premis:linkingEventIdentifierType>xmlID</premis:linkingEventIdentifierType>
			<premis:linkingEventIdentifierValue>ID_53957EA2-2E34-426C-953F-5D407CAF1B42</premis:linkingEventIdentifierValue>
		</premis:linkingEventIdentifier>
	</premis:object>
	<premis:object xsi:type="premis:file" xmlID="ID_346F91EA-9291-4F90-845B-9870C4FCCB4B">
		<premis:objectIdentifier>
			<premis:objectIdentifierType>xmlID</premis:objectIdentifierType>
			<premis:objectIdentifierValue>ID_346F91EA-9291-4F90-845B-9870C4FCCB4B</premis:objectIdentifierValue>
		</premis:objectIdentifier>
		<premis:preservationLevel>
			<premis:preservationLevelValue>0</premis:preservationLevelValue>
		</premis:preservationLevel>
		<premis:objectCharacteristics>
			<premis:compositionLevel>0</premis:compositionLevel>
			<premis:fixity>
				<premis:messageDigestAlgorithm>MD5</premis:messageDigestAlgorithm>
				<premis:messageDigest>6d043b483d5d14c912e7ac5daf29cebd</premis:messageDigest>
			</premis:fixity>
			<premis:size>101746</premis:size>
			<premis:format>
				<premis:formatDesignation>
					<premis:formatName>Microsoft Word for Windows</premis:formatName>
					<premis:formatVersion>2007 onwards</premis:formatVersion>
				</premis:formatDesignation>
				<premis:formatRegistry>
					<premis:formatRegistryName>PRONOM</premis:formatRegistryName>
					<premis:formatRegistryKey>fmt/412</premis:formatRegistryKey>
				</premis:formatRegistry>
			</premis:format>
			<premis:creatingApplication>
				<premis:dateCreatedByApplication>2019-04-15</premis:dateCreatedByApplication>
			</premis:creatingApplication>
		</premis:objectCharacteristics>
		<premis:originalName>EgloffHofbrücke.docx</premis:originalName>
		<premis:storage>
			<premis:contentLocation>
				<premis:contentLocationType>URL</premis:contentLocationType>
				<premis:contentLocationValue>00/00/25/EgloffHofbruecke.docx</premis:contentLocationValue>
			</premis:contentLocation>
		</premis:storage>
		<premis:linkingEventIdentifier>
			<premis:linkingEventIdentifierType>xmlID</premis:linkingEventIdentifierType>
			<premis:linkingEventIdentifierValue>ID_53957EA2-2E34-426C-953F-5D407CAF1B42</premis:linkingEventIdentifierValue>
		</premis:linkingEventIdentifier>
	</premis:object>
	<premis:object xsi:type="premis:file" xmlID="ID_D5CA6508-7755-4E6E-AA7E-59E700DE3BAF">
		<premis:objectIdentifier>
			<premis:objectIdentifierType>xmlID</premis:objectIdentifierType>
			<premis:objectIdentifierValue>ID_D5CA6508-7755-4E6E-AA7E-59E700DE3BAF</premis:objectIdentifierValue>
		</premis:objectIdentifier>
		<premis:preservationLevel>
			<premis:preservationLevelValue>0</premis:preservationLevelValue>
		</premis:preservationLevel>
		<premis:objectCharacteristics>
			<premis:compositionLevel>0</premis:compositionLevel>
			<premis:fixity>
				<premis:messageDigestAlgorithm>MD5</premis:messageDigestAlgorithm>
				<premis:messageDigest>7d8971e90914fcd9ed550969760dc1f5</premis:messageDigest>
			</premis:fixity>
			<premis:size>786432</premis:size>
			<premis:format>
				<premis:formatDesignation>
					<premis:formatName>Unknown</premis:formatName>
				</premis:formatDesignation>
			</premis:format>
			<premis:creatingApplication>
				<premis:dateCreatedByApplication>2019-04-15</premis:dateCreatedByApplication>
			</premis:creatingApplication>
		</premis:objectCharacteristics>
		<premis:originalName>EgloffHofbrücke.pdf</premis:originalName>
		<premis:storage>
			<premis:contentLocation>
				<premis:contentLocationType>URL</premis:contentLocationType>
				<premis:contentLocationValue>00/00/26/EgloffHofbruecke.pdf</premis:contentLocationValue>
			</premis:contentLocation>
		</premis:storage>
		<premis:linkingEventIdentifier>
			<premis:linkingEventIdentifierType>xmlID</premis:linkingEventIdentifierType>
			<premis:linkingEventIdentifierValue>ID_53957EA2-2E34-426C-953F-5D407CAF1B42</premis:linkingEventIdentifierValue>
		</premis:linkingEventIdentifier>
	</premis:object>
	<premis:object xsi:type="premis:file" xmlID="ID_FE347046-60D1-4A3C-B061-EC6FF955E220">
		<premis:objectIdentifier>
			<premis:objectIdentifierType>xmlID</premis:objectIdentifierType>
			<premis:objectIdentifierValue>ID_FE347046-60D1-4A3C-B061-EC6FF955E220</premis:objectIdentifierValue>
		</premis:objectIdentifier>
		<premis:preservationLevel>
			<premis:preservationLevelValue>0</premis:preservationLevelValue>
		</premis:preservationLevel>
		<premis:objectCharacteristics>
			<premis:compositionLevel>0</premis:compositionLevel>
			<premis:fixity>
				<premis:messageDigestAlgorithm>MD5</premis:messageDigestAlgorithm>
				<premis:messageDigest>ac2e9fb87cc5235f6e7ebe35412833c0</premis:messageDigest>
			</premis:fixity>
			<premis:size>19040</premis:size>
			<premis:format>
				<premis:formatDesignation>
					<premis:formatName>Microsoft Word for Windows</premis:formatName>
					<premis:formatVersion>2007 onwards</premis:formatVersion>
				</premis:formatDesignation>
				<premis:formatRegistry>
					<premis:formatRegistryName>PRONOM</premis:formatRegistryName>
					<premis:formatRegistryKey>fmt/412</premis:formatRegistryKey>
				</premis:formatRegistry>
			</premis:format>
			<premis:creatingApplication>
				<premis:dateCreatedByApplication>2019-04-15</premis:dateCreatedByApplication>
			</premis:creatingApplication>
		</premis:objectCharacteristics>
		<premis:originalName>EgloffHofbrückeAbb.docx</premis:originalName>
		<premis:storage>
			<premis:contentLocation>
				<premis:contentLocationType>URL</premis:contentLocationType>
				<premis:contentLocationValue>00/00/27/EgloffHofbrueckeAbb.docx</premis:contentLocationValue>
			</premis:contentLocation>
		</premis:storage>
		<premis:linkingEventIdentifier>
			<premis:linkingEventIdentifierType>xmlID</premis:linkingEventIdentifierType>
			<premis:linkingEventIdentifierValue>ID_53957EA2-2E34-426C-953F-5D407CAF1B42</premis:linkingEventIdentifierValue>
		</premis:linkingEventIdentifier>
	</premis:object>
	<premis:object xsi:type="premis:file" xmlID="ID_16E07929-11DA-4A2E-90CE-376D89D6256F">
		<premis:objectIdentifier>
			<premis:objectIdentifierType>xmlID</premis:objectIdentifierType>
			<premis:objectIdentifierValue>ID_16E07929-11DA-4A2E-90CE-376D89D6256F</premis:objectIdentifierValue>
		</premis:objectIdentifier>
		<premis:preservationLevel>
			<premis:preservationLevelValue>0</premis:preservationLevelValue>
		</premis:preservationLevel>
		<premis:objectCharacteristics>
			<premis:compositionLevel>0</premis:compositionLevel>
			<premis:fixity>
				<premis:messageDigestAlgorithm>MD5</premis:messageDigestAlgorithm>
				<premis:messageDigest>3ea4e4edb7d8d078e02e2bd500435a65</premis:messageDigest>
			</premis:fixity>
			<premis:size>393216</premis:size>
			<premis:format>
				<premis:formatDesignation>
					<premis:formatName>Unknown</premis:formatName>
				</premis:formatDesignation>
			</premis:format>
			<premis:creatingApplication>
				<premis:dateCreatedByApplication>2019-04-15</premis:dateCreatedByApplication>
			</premis:creatingApplication>
		</premis:objectCharacteristics>
		<premis:originalName>EgloffHofbrückeAbb.pdf</premis:originalName>
		<premis:storage>
			<premis:contentLocation>
				<premis:contentLocationType>URL</premis:contentLocationType>
				<premis:contentLocationValue>00/00/28/EgloffHofbrueckeAbb.pdf</premis:contentLocationValue>
			</premis:contentLocation>
		</premis:storage>
		<premis:linkingEventIdentifier>
			<premis:linkingEventIdentifierType>xmlID</premis:linkingEventIdentifierType>
			<premis:linkingEventIdentifierValue>ID_53957EA2-2E34-426C-953F-5D407CAF1B42</premis:linkingEventIdentifierValue>
		</premis:linkingEventIdentifier>
	</premis:object>
	<premis:object xsi:type="premis:file" xmlID="ID_D3BA812B-2739-4F65-BBD5-050AC022962E">
		<premis:objectIdentifier>
			<premis:objectIdentifierType>xmlID</premis:objectIdentifierType>
			<premis:objectIdentifierValue>ID_D3BA812B-2739-4F65-BBD5-050AC022962E</premis:objectIdentifierValue>
		</premis:objectIdentifier>
		<premis:preservationLevel>
			<premis:preservationLevelValue>0</premis:preservationLevelValue>
		</premis:preservationLevel>
		<premis:objectCharacteristics>
			<premis:compositionLevel>0</premis:compositionLevel>
			<premis:fixity>
				<premis:messageDigestAlgorithm>MD5</premis:messageDigestAlgorithm>
				<premis:messageDigest>25eaf3e8c0546b2d5aa8f10aa492445b</premis:messageDigest>
			</premis:fixity>
			<premis:size>198038</premis:size>
			<premis:format>
				<premis:formatDesignation>
					<premis:formatName>Acrobat PDF 1.5 - Portable Document Format</premis:formatName>
					<premis:formatVersion>1.5</premis:formatVersion>
				</premis:formatDesignation>
				<premis:formatRegistry>
					<premis:formatRegistryName>PRONOM</premis:formatRegistryName>
					<premis:formatRegistryKey>fmt/19</premis:formatRegistryKey>
				</premis:formatRegistry>
			</premis:format>
			<premis:creatingApplication>
				<premis:dateCreatedByApplication>2019-04-15</premis:dateCreatedByApplication>
			</premis:creatingApplication>
		</premis:objectCharacteristics>
		<premis:originalName>1 HofbrückeText.pdf</premis:originalName>
		<premis:storage>
			<premis:contentLocation>
				<premis:contentLocationType>URL</premis:contentLocationType>
				<premis:contentLocationValue>00/00/29/1 HofbrueckeText.pdf</premis:contentLocationValue>
			</premis:contentLocation>
		</premis:storage>
		<premis:linkingEventIdentifier>
			<premis:linkingEventIdentifierType>xmlID</premis:linkingEventIdentifierType>
			<premis:linkingEventIdentifierValue>ID_53957EA2-2E34-426C-953F-5D407CAF1B42</premis:linkingEventIdentifierValue>
		</premis:linkingEventIdentifier>
	</premis:object>
	<premis:object xsi:type="premis:file" xmlID="ID_AF98454C-E263-4DC7-AC13-3582D1C4EEEB">
		<premis:objectIdentifier>
			<premis:objectIdentifierType>xmlID</premis:objectIdentifierType>
			<premis:objectIdentifierValue>ID_AF98454C-E263-4DC7-AC13-3582D1C4EEEB</premis:objectIdentifierValue>
		</premis:objectIdentifier>
		<premis:preservationLevel>
			<premis:preservationLevelValue>0</premis:preservationLevelValue>
		</premis:preservationLevel>
		<premis:objectCharacteristics>
			<premis:compositionLevel>0</premis:compositionLevel>
			<premis:fixity>
				<premis:messageDigestAlgorithm>MD5</premis:messageDigestAlgorithm>
				<premis:messageDigest>b0a775e9c3677e11ae3ebd358438207c</premis:messageDigest>
			</premis:fixity>
			<premis:size>786432</premis:size>
			<premis:format>
				<premis:formatDesignation>
					<premis:formatName>Unknown</premis:formatName>
				</premis:formatDesignation>
			</premis:format>
			<premis:creatingApplication>
				<premis:dateCreatedByApplication>2019-04-15</premis:dateCreatedByApplication>
			</premis:creatingApplication>
		</premis:objectCharacteristics>
		<premis:originalName>1 HofbrückeText.pdf</premis:originalName>
		<premis:storage>
			<premis:contentLocation>
				<premis:contentLocationType>URL</premis:contentLocationType>
				<premis:contentLocationValue>00/00/30/1 HofbrueckeText.pdf</premis:contentLocationValue>
			</premis:contentLocation>
		</premis:storage>
		<premis:linkingEventIdentifier>
			<premis:linkingEventIdentifierType>xmlID</premis:linkingEventIdentifierType>
			<premis:linkingEventIdentifierValue>ID_53957EA2-2E34-426C-953F-5D407CAF1B42</premis:linkingEventIdentifierValue>
		</premis:linkingEventIdentifier>
	</premis:object>
	<premis:object xsi:type="premis:file" xmlID="ID_DE2BBFEC-B600-4668-869B-6DD782BE45B5">
		<premis:objectIdentifier>
			<premis:objectIdentifierType>xmlID</premis:objectIdentifierType>
			<premis:objectIdentifierValue>ID_DE2BBFEC-B600-4668-869B-6DD782BE45B5</premis:objectIdentifierValue>
		</premis:objectIdentifier>
		<premis:preservationLevel>
			<premis:preservationLevelValue>0</premis:preservationLevelValue>
		</premis:preservationLevel>
		<premis:objectCharacteristics>
			<premis:compositionLevel>0</premis:compositionLevel>
			<premis:fixity>
				<premis:messageDigestAlgorithm>MD5</premis:messageDigestAlgorithm>
				<premis:messageDigest>1e8fb59d419e70a9c325a80a3d1f20c4</premis:messageDigest>
			</premis:fixity>
			<premis:size>17496</premis:size>
			<premis:format>
				<premis:formatDesignation>
					<premis:formatName>Acrobat PDF 1.5 - Portable Document Format</premis:formatName>
					<premis:formatVersion>1.5</premis:formatVersion>
				</premis:formatDesignation>
				<premis:formatRegistry>
					<premis:formatRegistryName>PRONOM</premis:formatRegistryName>
					<premis:formatRegistryKey>fmt/19</premis:formatRegistryKey>
				</premis:formatRegistry>
			</premis:format>
			<premis:creatingApplication>
				<premis:dateCreatedByApplication>2019-04-15</premis:dateCreatedByApplication>
			</premis:creatingApplication>
		</premis:objectCharacteristics>
		<premis:originalName>2 Bibliographie.pdf</premis:originalName>
		<premis:storage>
			<premis:contentLocation>
				<premis:contentLocationType>URL</premis:contentLocationType>
				<premis:contentLocationValue>00/00/31/2 Bibliographie.pdf</premis:contentLocationValue>
			</premis:contentLocation>
		</premis:storage>
		<premis:linkingEventIdentifier>
			<premis:linkingEventIdentifierType>xmlID</premis:linkingEventIdentifierType>
			<premis:linkingEventIdentifierValue>ID_53957EA2-2E34-426C-953F-5D407CAF1B42</premis:linkingEventIdentifierValue>
		</premis:linkingEventIdentifier>
	</premis:object>
	<premis:object xsi:type="premis:file" xmlID="ID_4BA86788-5EE8-45F6-9A84-35FBD7AAB04F">
		<premis:objectIdentifier>
			<premis:objectIdentifierType>xmlID</premis:objectIdentifierType>
			<premis:objectIdentifierValue>ID_4BA86788-5EE8-45F6-9A84-35FBD7AAB04F</premis:objectIdentifierValue>
		</premis:objectIdentifier>
		<premis:preservationLevel>
			<premis:preservationLevelValue>0</premis:preservationLevelValue>
		</premis:preservationLevel>
		<premis:objectCharacteristics>
			<premis:compositionLevel>0</premis:compositionLevel>
			<premis:fixity>
				<premis:messageDigestAlgorithm>MD5</premis:messageDigestAlgorithm>
				<premis:messageDigest>d4570f73e89908dd5a3698d89ad63e9b</premis:messageDigest>
			</premis:fixity>
			<premis:size>196608</premis:size>
			<premis:format>
				<premis:formatDesignation>
					<premis:formatName>Unknown</premis:formatName>
				</premis:formatDesignation>
			</premis:format>
			<premis:creatingApplication>
				<premis:dateCreatedByApplication>2019-04-15</premis:dateCreatedByApplication>
			</premis:creatingApplication>
		</premis:objectCharacteristics>
		<premis:originalName>2 Bibliographie.pdf</premis:originalName>
		<premis:storage>
			<premis:contentLocation>
				<premis:contentLocationType>URL</premis:contentLocationType>
				<premis:contentLocationValue>00/00/32/2 Bibliographie.pdf</premis:contentLocationValue>
			</premis:contentLocation>
		</premis:storage>
		<premis:linkingEventIdentifier>
			<premis:linkingEventIdentifierType>xmlID</premis:linkingEventIdentifierType>
			<premis:linkingEventIdentifierValue>ID_53957EA2-2E34-426C-953F-5D407CAF1B42</premis:linkingEventIdentifierValue>
		</premis:linkingEventIdentifier>
	</premis:object>
	<premis:object xsi:type="premis:file" xmlID="ID_564D2F25-B698-4210-8244-641707D51BFD">
		<premis:objectIdentifier>
			<premis:objectIdentifierType>xmlID</premis:objectIdentifierType>
			<premis:objectIdentifierValue>ID_564D2F25-B698-4210-8244-641707D51BFD</premis:objectIdentifierValue>
		</premis:objectIdentifier>
		<premis:preservationLevel>
			<premis:preservationLevelValue>0</premis:preservationLevelValue>
		</premis:preservationLevel>
		<premis:objectCharacteristics>
			<premis:compositionLevel>0</premis:compositionLevel>
			<premis:fixity>
				<premis:messageDigestAlgorithm>MD5</premis:messageDigestAlgorithm>
				<premis:messageDigest>36f487be940344659b6652916eab707d</premis:messageDigest>
			</premis:fixity>
			<premis:size>286682</premis:size>
			<premis:format>
				<premis:formatDesignation>
					<premis:formatName>Acrobat PDF 1.5 - Portable Document Format</premis:formatName>
					<premis:formatVersion>1.5</premis:formatVersion>
				</premis:formatDesignation>
				<premis:formatRegistry>
					<premis:formatRegistryName>PRONOM</premis:formatRegistryName>
					<premis:formatRegistryKey>fmt/19</premis:formatRegistryKey>
				</premis:formatRegistry>
			</premis:format>
			<premis:creatingApplication>
				<premis:dateCreatedByApplication>2019-04-15</premis:dateCreatedByApplication>
			</premis:creatingApplication>
		</premis:objectCharacteristics>
		<premis:originalName>EgloffHofbrücke.pdf</premis:originalName>
		<premis:storage>
			<premis:contentLocation>
				<premis:contentLocationType>URL</premis:contentLocationType>
				<premis:contentLocationValue>00/00/33/EgloffHofbruecke.pdf</premis:contentLocationValue>
			</premis:contentLocation>
		</premis:storage>
		<premis:linkingEventIdentifier>
			<premis:linkingEventIdentifierType>xmlID</premis:linkingEventIdentifierType>
			<premis:linkingEventIdentifierValue>ID_53957EA2-2E34-426C-953F-5D407CAF1B42</premis:linkingEventIdentifierValue>
		</premis:linkingEventIdentifier>
	</premis:object>
	<premis:object xsi:type="premis:file" xmlID="ID_BE868FBA-E33F-4C54-813E-524EECF97243">
		<premis:objectIdentifier>
			<premis:objectIdentifierType>xmlID</premis:objectIdentifierType>
			<premis:objectIdentifierValue>ID_BE868FBA-E33F-4C54-813E-524EECF97243</premis:objectIdentifierValue>
		</premis:objectIdentifier>
		<premis:preservationLevel>
			<premis:preservationLevelValue>0</premis:preservationLevelValue>
		</premis:preservationLevel>
		<premis:objectCharacteristics>
			<premis:compositionLevel>0</premis:compositionLevel>
			<premis:fixity>
				<premis:messageDigestAlgorithm>MD5</premis:messageDigestAlgorithm>
				<premis:messageDigest>5978b77c703a019422b53fa84884282c</premis:messageDigest>
			</premis:fixity>
			<premis:size>1572864</premis:size>
			<premis:format>
				<premis:formatDesignation>
					<premis:formatName>Unknown</premis:formatName>
				</premis:formatDesignation>
			</premis:format>
			<premis:creatingApplication>
				<premis:dateCreatedByApplication>2019-04-15</premis:dateCreatedByApplication>
			</premis:creatingApplication>
		</premis:objectCharacteristics>
		<premis:originalName>EgloffHofbrücke.pdf</premis:originalName>
		<premis:storage>
			<premis:contentLocation>
				<premis:contentLocationType>URL</premis:contentLocationType>
				<premis:contentLocationValue>00/00/34/EgloffHofbruecke.pdf</premis:contentLocationValue>
			</premis:contentLocation>
		</premis:storage>
		<premis:linkingEventIdentifier>
			<premis:linkingEventIdentifierType>xmlID</premis:linkingEventIdentifierType>
			<premis:linkingEventIdentifierValue>ID_53957EA2-2E34-426C-953F-5D407CAF1B42</premis:linkingEventIdentifierValue>
		</premis:linkingEventIdentifier>
	</premis:object>
	<premis:object xsi:type="premis:file" xmlID="ID_62B84D57-9E73-4F61-84B7-75A60F6E8D6F">
		<premis:objectIdentifier>
			<premis:objectIdentifierType>xmlID</premis:objectIdentifierType>
			<premis:objectIdentifierValue>ID_62B84D57-9E73-4F61-84B7-75A60F6E8D6F</premis:objectIdentifierValue>
		</premis:objectIdentifier>
		<premis:preservationLevel>
			<premis:preservationLevelValue>0</premis:preservationLevelValue>
		</premis:preservationLevel>
		<premis:objectCharacteristics>
			<premis:compositionLevel>0</premis:compositionLevel>
			<premis:fixity>
				<premis:messageDigestAlgorithm>MD5</premis:messageDigestAlgorithm>
				<premis:messageDigest>2945f20ff249bb8e4664976fb8d6f715</premis:messageDigest>
			</premis:fixity>
			<premis:size>37849</premis:size>
			<premis:format>
				<premis:formatDesignation>
					<premis:formatName>Acrobat PDF 1.5 - Portable Document Format</premis:formatName>
					<premis:formatVersion>1.5</premis:formatVersion>
				</premis:formatDesignation>
				<premis:formatRegistry>
					<premis:formatRegistryName>PRONOM</premis:formatRegistryName>
					<premis:formatRegistryKey>fmt/19</premis:formatRegistryKey>
				</premis:formatRegistry>
			</premis:format>
			<premis:creatingApplication>
				<premis:dateCreatedByApplication>2019-04-15</premis:dateCreatedByApplication>
			</premis:creatingApplication>
		</premis:objectCharacteristics>
		<premis:originalName>EgloffHofbrückeAbb.pdf</premis:originalName>
		<premis:storage>
			<premis:contentLocation>
				<premis:contentLocationType>URL</premis:contentLocationType>
				<premis:contentLocationValue>00/00/35/EgloffHofbrueckeAbb.pdf</premis:contentLocationValue>
			</premis:contentLocation>
		</premis:storage>
		<premis:linkingEventIdentifier>
			<premis:linkingEventIdentifierType>xmlID</premis:linkingEventIdentifierType>
			<premis:linkingEventIdentifierValue>ID_53957EA2-2E34-426C-953F-5D407CAF1B42</premis:linkingEventIdentifierValue>
		</premis:linkingEventIdentifier>
	</premis:object>
	<premis:object xsi:type="premis:file" xmlID="ID_69EC1FE6-78D6-45F7-83B6-8785F8323E82">
		<premis:objectIdentifier>
			<premis:objectIdentifierType>xmlID</premis:objectIdentifierType>
			<premis:objectIdentifierValue>ID_69EC1FE6-78D6-45F7-83B6-8785F8323E82</premis:objectIdentifierValue>
		</premis:objectIdentifier>
		<premis:preservationLevel>
			<premis:preservationLevelValue>0</premis:preservationLevelValue>
		</premis:preservationLevel>
		<premis:objectCharacteristics>
			<premis:compositionLevel>0</premis:compositionLevel>
			<premis:fixity>
				<premis:messageDigestAlgorithm>MD5</premis:messageDigestAlgorithm>
				<premis:messageDigest>665befba6155afa761ae9cb1202da36f</premis:messageDigest>
			</premis:fixity>
			<premis:size>393216</premis:size>
			<premis:format>
				<premis:formatDesignation>
					<premis:formatName>Unknown</premis:formatName>
				</premis:formatDesignation>
			</premis:format>
			<premis:creatingApplication>
				<premis:dateCreatedByApplication>2019-04-15</premis:dateCreatedByApplication>
			</premis:creatingApplication>
		</premis:objectCharacteristics>
		<premis:originalName>EgloffHofbrückeAbb.pdf</premis:originalName>
		<premis:storage>
			<premis:contentLocation>
				<premis:contentLocationType>URL</premis:contentLocationType>
				<premis:contentLocationValue>00/00/36/EgloffHofbrueckeAbb.pdf</premis:contentLocationValue>
			</premis:contentLocation>
		</premis:storage>
		<premis:linkingEventIdentifier>
			<premis:linkingEventIdentifierType>xmlID</premis:linkingEventIdentifierType>
			<premis:linkingEventIdentifierValue>ID_53957EA2-2E34-426C-953F-5D407CAF1B42</premis:linkingEventIdentifierValue>
		</premis:linkingEventIdentifier>
	</premis:object>
	<premis:object xsi:type="premis:file" xmlID="ID_B6E10B09-325F-4719-B623-651CEC4F69F5">
		<premis:objectIdentifier>
			<premis:objectIdentifierType>xmlID</premis:objectIdentifierType>
			<premis:objectIdentifierValue>ID_B6E10B09-325F-4719-B623-651CEC4F69F5</premis:objectIdentifierValue>
		</premis:objectIdentifier>
		<premis:preservationLevel>
			<premis:preservationLevelValue>0</premis:preservationLevelValue>
		</premis:preservationLevel>
		<premis:objectCharacteristics>
			<premis:compositionLevel>0</premis:compositionLevel>
			<premis:fixity>
				<premis:messageDigestAlgorithm>MD5</premis:messageDigestAlgorithm>
				<premis:messageDigest>121a81c410822ca9a16a062eb60a05ef</premis:messageDigest>
			</premis:fixity>
			<premis:size>65852</premis:size>
			<premis:format>
				<premis:formatDesignation>
					<premis:formatName>Acrobat PDF 1.6 - Portable Document Format</premis:formatName>
					<premis:formatVersion>1.6</premis:formatVersion>
				</premis:formatDesignation>
				<premis:formatRegistry>
					<premis:formatRegistryName>PRONOM</premis:formatRegistryName>
					<premis:formatRegistryKey>fmt/20</premis:formatRegistryKey>
				</premis:formatRegistry>
			</premis:format>
			<premis:creatingApplication>
				<premis:dateCreatedByApplication>2019-04-15</premis:dateCreatedByApplication>
			</premis:creatingApplication>
		</premis:objectCharacteristics>
		<premis:originalName>Export_e49eadcea3b24b71bb95c61c8d0fba89.pdf</premis:originalName>
		<premis:storage>
			<premis:contentLocation>
				<premis:contentLocationType>URL</premis:contentLocationType>
				<premis:contentLocationValue>00/00/37/Export_e49eadcea3b24b71bb95c61c8d0fba89.pdf</premis:contentLocationValue>
			</premis:contentLocation>
		</premis:storage>
		<premis:linkingEventIdentifier>
			<premis:linkingEventIdentifierType>xmlID</premis:linkingEventIdentifierType>
			<premis:linkingEventIdentifierValue>ID_53957EA2-2E34-426C-953F-5D407CAF1B42</premis:linkingEventIdentifierValue>
		</premis:linkingEventIdentifier>
	</premis:object>
	<premis:event xmlID="ID_53957EA2-2E34-426C-953F-5D407CAF1B42">
		<premis:eventIdentifier>
			<premis:eventIdentifierType>xmlID</premis:eventIdentifierType>
			<premis:eventIdentifierValue>ID_53957EA2-2E34-426C-953F-5D407CAF1B42</premis:eventIdentifierValue>
		</premis:eventIdentifier>
		<premis:eventType>ingest</premis:eventType>
		<premis:eventDateTime>2019-10-14T11:03:27.512+02:00</premis:eventDateTime>
		<premis:eventOutcomeInformation>
			<premis:eventOutcomeDetail>
				<premis:eventOutcomeDetailNote>CH-000076-6:aip-01-0001821411-0001</premis:eventOutcomeDetailNote>
			</premis:eventOutcomeDetail>
		</premis:eventOutcomeInformation>
		<premis:linkingAgentIdentifier>
			<premis:linkingAgentIdentifierType>xmlID</premis:linkingAgentIdentifierType>
			<premis:linkingAgentIdentifierValue>ID_B13217A2-2A8B-4A5D-A8C9-A56A608E5E88</premis:linkingAgentIdentifierValue>
			<premis:linkingAgentRole>Archivar</premis:linkingAgentRole>
		</premis:linkingAgentIdentifier>
		<premis:linkingObjectIdentifier>
			<premis:linkingObjectIdentifierType>xmlID</premis:linkingObjectIdentifierType>
			<premis:linkingObjectIdentifierValue>ID_227FB49F-B0E9-4C16-8BC6-F04857D3C14E</premis:linkingObjectIdentifierValue>
		</premis:linkingObjectIdentifier>
		<premis:linkingObjectIdentifier>
			<premis:linkingObjectIdentifierType>xmlID</premis:linkingObjectIdentifierType>
			<premis:linkingObjectIdentifierValue>ID_6DDFEB2A-7240-40DE-8576-48FEA9232F19</premis:linkingObjectIdentifierValue>
		</premis:linkingObjectIdentifier>
		<premis:linkingObjectIdentifier>
			<premis:linkingObjectIdentifierType>xmlID</premis:linkingObjectIdentifierType>
			<premis:linkingObjectIdentifierValue>ID_618C5150-0B34-49FB-A527-339D2D09FC29</premis:linkingObjectIdentifierValue>
		</premis:linkingObjectIdentifier>
		<premis:linkingObjectIdentifier>
			<premis:linkingObjectIdentifierType>xmlID</premis:linkingObjectIdentifierType>
			<premis:linkingObjectIdentifierValue>ID_E94401C6-B821-41E4-94CF-28F9E066A667</premis:linkingObjectIdentifierValue>
		</premis:linkingObjectIdentifier>
		<premis:linkingObjectIdentifier>
			<premis:linkingObjectIdentifierType>xmlID</premis:linkingObjectIdentifierType>
			<premis:linkingObjectIdentifierValue>ID_B1079C64-651D-4FC4-B212-5C4ABF76578F</premis:linkingObjectIdentifierValue>
		</premis:linkingObjectIdentifier>
		<premis:linkingObjectIdentifier>
			<premis:linkingObjectIdentifierType>xmlID</premis:linkingObjectIdentifierType>
			<premis:linkingObjectIdentifierValue>ID_E32CAEC6-3F53-43BC-9728-74B99952B730</premis:linkingObjectIdentifierValue>
		</premis:linkingObjectIdentifier>
		<premis:linkingObjectIdentifier>
			<premis:linkingObjectIdentifierType>xmlID</premis:linkingObjectIdentifierType>
			<premis:linkingObjectIdentifierValue>ID_00C4A75B-22BF-4384-94BB-D63B3EB66743</premis:linkingObjectIdentifierValue>
		</premis:linkingObjectIdentifier>
		<premis:linkingObjectIdentifier>
			<premis:linkingObjectIdentifierType>xmlID</premis:linkingObjectIdentifierType>
			<premis:linkingObjectIdentifierValue>ID_94896ACC-18E8-41B9-8745-6D026578B4EF</premis:linkingObjectIdentifierValue>
		</premis:linkingObjectIdentifier>
		<premis:linkingObjectIdentifier>
			<premis:linkingObjectIdentifierType>xmlID</premis:linkingObjectIdentifierType>
			<premis:linkingObjectIdentifierValue>ID_C7A0B99F-C0BF-4DB9-B163-B64DF8BFCF89</premis:linkingObjectIdentifierValue>
		</premis:linkingObjectIdentifier>
		<premis:linkingObjectIdentifier>
			<premis:linkingObjectIdentifierType>xmlID</premis:linkingObjectIdentifierType>
			<premis:linkingObjectIdentifierValue>ID_E5225E20-F2BB-476D-BC73-A45FE2F9F10E</premis:linkingObjectIdentifierValue>
		</premis:linkingObjectIdentifier>
		<premis:linkingObjectIdentifier>
			<premis:linkingObjectIdentifierType>xmlID</premis:linkingObjectIdentifierType>
			<premis:linkingObjectIdentifierValue>ID_346F91EA-9291-4F90-845B-9870C4FCCB4B</premis:linkingObjectIdentifierValue>
		</premis:linkingObjectIdentifier>
		<premis:linkingObjectIdentifier>
			<premis:linkingObjectIdentifierType>xmlID</premis:linkingObjectIdentifierType>
			<premis:linkingObjectIdentifierValue>ID_D5CA6508-7755-4E6E-AA7E-59E700DE3BAF</premis:linkingObjectIdentifierValue>
		</premis:linkingObjectIdentifier>
		<premis:linkingObjectIdentifier>
			<premis:linkingObjectIdentifierType>xmlID</premis:linkingObjectIdentifierType>
			<premis:linkingObjectIdentifierValue>ID_FE347046-60D1-4A3C-B061-EC6FF955E220</premis:linkingObjectIdentifierValue>
		</premis:linkingObjectIdentifier>
		<premis:linkingObjectIdentifier>
			<premis:linkingObjectIdentifierType>xmlID</premis:linkingObjectIdentifierType>
			<premis:linkingObjectIdentifierValue>ID_16E07929-11DA-4A2E-90CE-376D89D6256F</premis:linkingObjectIdentifierValue>
		</premis:linkingObjectIdentifier>
		<premis:linkingObjectIdentifier>
			<premis:linkingObjectIdentifierType>xmlID</premis:linkingObjectIdentifierType>
			<premis:linkingObjectIdentifierValue>ID_D3BA812B-2739-4F65-BBD5-050AC022962E</premis:linkingObjectIdentifierValue>
		</premis:linkingObjectIdentifier>
		<premis:linkingObjectIdentifier>
			<premis:linkingObjectIdentifierType>xmlID</premis:linkingObjectIdentifierType>
			<premis:linkingObjectIdentifierValue>ID_AF98454C-E263-4DC7-AC13-3582D1C4EEEB</premis:linkingObjectIdentifierValue>
		</premis:linkingObjectIdentifier>
		<premis:linkingObjectIdentifier>
			<premis:linkingObjectIdentifierType>xmlID</premis:linkingObjectIdentifierType>
			<premis:linkingObjectIdentifierValue>ID_DE2BBFEC-B600-4668-869B-6DD782BE45B5</premis:linkingObjectIdentifierValue>
		</premis:linkingObjectIdentifier>
		<premis:linkingObjectIdentifier>
			<premis:linkingObjectIdentifierType>xmlID</premis:linkingObjectIdentifierType>
			<premis:linkingObjectIdentifierValue>ID_4BA86788-5EE8-45F6-9A84-35FBD7AAB04F</premis:linkingObjectIdentifierValue>
		</premis:linkingObjectIdentifier>
		<premis:linkingObjectIdentifier>
			<premis:linkingObjectIdentifierType>xmlID</premis:linkingObjectIdentifierType>
			<premis:linkingObjectIdentifierValue>ID_564D2F25-B698-4210-8244-641707D51BFD</premis:linkingObjectIdentifierValue>
		</premis:linkingObjectIdentifier>
		<premis:linkingObjectIdentifier>
			<premis:linkingObjectIdentifierType>xmlID</premis:linkingObjectIdentifierType>
			<premis:linkingObjectIdentifierValue>ID_BE868FBA-E33F-4C54-813E-524EECF97243</premis:linkingObjectIdentifierValue>
		</premis:linkingObjectIdentifier>
		<premis:linkingObjectIdentifier>
			<premis:linkingObjectIdentifierType>xmlID</premis:linkingObjectIdentifierType>
			<premis:linkingObjectIdentifierValue>ID_62B84D57-9E73-4F61-84B7-75A60F6E8D6F</premis:linkingObjectIdentifierValue>
		</premis:linkingObjectIdentifier>
		<premis:linkingObjectIdentifier>
			<premis:linkingObjectIdentifierType>xmlID</premis:linkingObjectIdentifierType>
			<premis:linkingObjectIdentifierValue>ID_69EC1FE6-78D6-45F7-83B6-8785F8323E82</premis:linkingObjectIdentifierValue>
		</premis:linkingObjectIdentifier>
		<premis:linkingObjectIdentifier>
			<premis:linkingObjectIdentifierType>xmlID</premis:linkingObjectIdentifierType>
			<premis:linkingObjectIdentifierValue>ID_B6E10B09-325F-4719-B623-651CEC4F69F5</premis:linkingObjectIdentifierValue>
		</premis:linkingObjectIdentifier>
	</premis:event>
	<premis:agent>
		<premis:agentIdentifier>
			<premis:agentIdentifierType>xmlID</premis:agentIdentifierType>
			<premis:agentIdentifierValue>ID_B13217A2-2A8B-4A5D-A8C9-A56A608E5E88</premis:agentIdentifierValue>
		</premis:agentIdentifier>
		<premis:agentName>Lischer Markus</premis:agentName>
		<premis:agentType>person</premis:agentType>
		<premis:linkingEventIdentifier>
			<premis:linkingEventIdentifierType>xmlID</premis:linkingEventIdentifierType>
			<premis:linkingEventIdentifierValue>ID_53957EA2-2E34-426C-953F-5D407CAF1B42</premis:linkingEventIdentifierValue>
		</premis:linkingEventIdentifier>
	</premis:agent>
</premis:premis>